barcode,name,brand,grade,sugar,fat,protein,calories,source
no_barcode,Hot tea (Garam Chai),Home/Restaurant,B,2.58,0.0,0.39,0.0,IndianDishes
no_barcode,Instant coffee,Home/Restaurant,B,3.65,0.0,0.64,0.0,IndianDishes
no_barcode,Espreso coffee,Home/Restaurant,B,6.62,0.0,1.75,0.0,IndianDishes
no_barcode,Iced tea,Home/Restaurant,B,2.7,0.0,0.03,0.0,IndianDishes
no_barcode,Raw mango drink (Aam panna),Home/Restaurant,B,9.05,0.0,0.16,0.0,IndianDishes
no_barcode,Fruit Punch (with fresh juices),Home/Restaurant,B,9.38,0.0,0.14,0.0,IndianDishes
no_barcode,Fruit Punch (with squashes),Home/Restaurant,B,5.99,0.0,0.07,0.0,IndianDishes
no_barcode,Lemonade,Home/Restaurant,B,5.48,0.0,0.03,0.0,IndianDishes
no_barcode,Lem-o-gin,Home/Restaurant,B,5.55,0.0,0.08,0.0,IndianDishes
no_barcode,Cumin infused water (Jeere/Zeere ka pani),Home/Restaurant,B,1.86,0.0,0.17,0.0,IndianDishes
no_barcode,Coco pine cooler,Home/Restaurant,B,5.72,0.0,0.56,0.0,IndianDishes
no_barcode,Summer cooler,Home/Restaurant,B,5.43,0.0,0.37,0.0,IndianDishes
no_barcode,Hot cocoa,Home/Restaurant,B,9.23,0.0,3.36,0.0,IndianDishes
no_barcode,Cold coffee with ice cream,Home/Restaurant,C,11.24,0.0,1.57,0.0,IndianDishes
no_barcode,Banana milkshake (Kele milkshake),Home/Restaurant,B,9.15,0.0,1.84,0.0,IndianDishes
no_barcode,Mango milkshake (Aam milkshake),Home/Restaurant,B,7.23,0.0,1.73,0.0,IndianDishes
no_barcode,Pineapple milkshake (Ananas milkshake),Home/Restaurant,B,7.62,0.0,1.66,0.0,IndianDishes
no_barcode,Orange milkshake (Narangi milkshake),Home/Restaurant,B,7.11,0.0,1.86,0.0,IndianDishes
no_barcode,Egg nog,Home/Restaurant,B,8.15,0.0,4.78,0.0,IndianDishes
no_barcode,Sweet Lassi (Meethi lassi),Home/Restaurant,B,6.51,0.0,1.29,0.0,IndianDishes
no_barcode,Lassi (salted),Home/Restaurant,B,1.86,0.0,1.35,0.0,IndianDishes
no_barcode,Cheese and chilli sandwich ,Home/Restaurant,D,27.4,0.0,6.8,0.0,IndianDishes
no_barcode,Egg sandwich (Ande ka sandwich),Home/Restaurant,C,29.16,0.0,8.69,0.0,IndianDishes
no_barcode,Cucumber sandwich (Kheere ka sandwich),Home/Restaurant,D,25.77,0.0,4.8,0.0,IndianDishes
no_barcode,Cheese and pineapple sandwich (Cheese aur ananas ka sandwich),Home/Restaurant,C,29.1,0.0,8.2,0.0,IndianDishes
no_barcode,Cheese and tomato sandwich (Cheese aur tamatar ke sandwich),Home/Restaurant,D,26.92,0.0,7.92,0.0,IndianDishes
no_barcode,Chicken sandwich,Home/Restaurant,C,25.38,0.0,13.12,0.0,IndianDishes
no_barcode,Peanut and tomato sandwich (Moongfali aur tamatar ka sandwich),Home/Restaurant,C,28.54,0.0,9.53,0.0,IndianDishes
no_barcode,Rainbow sandwich,Home/Restaurant,D,34.26,0.0,7.75,0.0,IndianDishes
no_barcode,Club sandwich ,Home/Restaurant,C,18.51,0.0,7.31,0.0,IndianDishes
no_barcode,Vegetarian club sandwich,Home/Restaurant,C,19.68,0.0,5.45,0.0,IndianDishes
no_barcode,Pin wheel sandwich,Home/Restaurant,C,14.0,0.0,8.77,0.0,IndianDishes
no_barcode,Carrot apple sandwich (Gajar aur seb ka sandwich),Home/Restaurant,D,29.04,0.0,5.3,0.0,IndianDishes
no_barcode,Salami sandwich,Home/Restaurant,C,21.54,0.0,8.7,0.0,IndianDishes
no_barcode,Vegetable and mayonnaise sandwich,Home/Restaurant,D,23.2,0.0,4.47,0.0,IndianDishes
no_barcode,Egg and tomato sandwich (Ande aur tamatar ka sandwich),Home/Restaurant,D,25.9,0.0,7.66,0.0,IndianDishes
no_barcode,Sweet open sandwich,Home/Restaurant,D,39.24,0.0,4.99,0.0,IndianDishes
no_barcode,Mushroom and cheese sandwich (toasted),Home/Restaurant,C,21.01,0.0,7.79,0.0,IndianDishes
no_barcode,Cheese and tomato sandwich (toasted) (Cheese aur tamatar ke sandwich (toasted)),Home/Restaurant,C,21.42,0.0,6.82,0.0,IndianDishes
no_barcode,Pea potato sandwich (toasted) (Matar aloo ka sandwich),Home/Restaurant,D,25.17,0.0,4.6,0.0,IndianDishes
no_barcode,Paneer pea sandwich (toasted) (Paneer matar ka sandwich),Home/Restaurant,C,24.05,0.0,12.4,0.0,IndianDishes
no_barcode,Chicken sandwich (toasted),Home/Restaurant,C,18.82,0.0,12.08,0.0,IndianDishes
no_barcode,Pea keema sandwich (toasted) (Matar aur keema ka sandwich),Home/Restaurant,C,20.26,0.0,11.06,0.0,IndianDishes
no_barcode,Classic club sandwich,Home/Restaurant,C,18.49,0.0,6.74,0.0,IndianDishes
no_barcode,Sesame toast,Home/Restaurant,C,11.15,0.0,1.9,0.0,IndianDishes
no_barcode,Cracked wheat porridge (Meetha daliya),Home/Restaurant,B,8.87,0.0,2.64,0.0,IndianDishes
no_barcode,Semolina porridge (Suji/Rava daliya),Home/Restaurant,C,12.39,0.0,3.75,0.0,IndianDishes
no_barcode,Oatmeal Porridge,Home/Restaurant,B,8.77,0.0,2.6,0.0,IndianDishes
no_barcode,Cornflakes with milk,Home/Restaurant,C,14.95,0.0,3.59,0.0,IndianDishes
no_barcode,Rice flakes (Chiwda/Aval),Home/Restaurant,C,15.57,0.0,3.62,0.0,IndianDishes
no_barcode,Wheat flakes,Home/Restaurant,C,15.57,0.0,3.62,0.0,IndianDishes
no_barcode,Murmura (Puffed rice),Home/Restaurant,C,15.67,0.0,3.62,0.0,IndianDishes
no_barcode,Puffed wheat (Murmure/Moori),Home/Restaurant,C,15.67,0.0,3.62,0.0,IndianDishes
no_barcode,Boiled egg (Ubla anda),Home/Restaurant,B,0.12,0.0,4.43,0.0,IndianDishes
no_barcode,Fried Egg ,Home/Restaurant,A,0.31,0.0,11.59,0.0,IndianDishes
no_barcode,Poached egg,Home/Restaurant,A,0.37,0.0,11.98,0.0,IndianDishes
no_barcode,Scrambled egg (Ande ki bhurji),Home/Restaurant,A,1.35,0.0,10.29,0.0,IndianDishes
no_barcode,Baked egg ,Home/Restaurant,C,15.42,0.0,11.88,0.0,IndianDishes
no_barcode,Plain omelette/omlet,Home/Restaurant,A,0.64,0.0,9.66,0.0,IndianDishes
no_barcode,Stuffed egg omelette/omlet,Home/Restaurant,A,2.3,0.0,8.6,0.0,IndianDishes
no_barcode,Pancake,Home/Restaurant,C,20.49,0.0,5.68,0.0,IndianDishes
no_barcode,Keema pancake,Home/Restaurant,B,9.56,0.0,9.01,0.0,IndianDishes
no_barcode,Vegetable pancake,Home/Restaurant,C,12.24,0.0,3.87,0.0,IndianDishes
no_barcode,Jam and fruit pancake,Home/Restaurant,C,20.73,0.0,3.79,0.0,IndianDishes
no_barcode,Khoa and coconut pancake,Home/Restaurant,D,27.32,0.0,6.98,0.0,IndianDishes
no_barcode,Brown stock,Home/Restaurant,B,0.25,0.0,1.95,0.0,IndianDishes
no_barcode,Vegetable stock,Home/Restaurant,B,0.96,0.0,0.3,0.0,IndianDishes
no_barcode,Chicken stock,Home/Restaurant,B,0.37,0.0,3.69,0.0,IndianDishes
no_barcode,Clear tomato soup (Tamatar ka soup),Home/Restaurant,B,3.45,0.0,4.79,0.0,IndianDishes
no_barcode,Lentil soup,Home/Restaurant,A,3.94,0.0,9.65,0.0,IndianDishes
no_barcode,Chicken consomme (Clear chicken soup),Home/Restaurant,A,1.19,0.0,11.47,0.0,IndianDishes
no_barcode,Cream of tomato soup,Home/Restaurant,B,3.93,0.0,4.61,0.0,IndianDishes
no_barcode,Cream of green peas soup,Home/Restaurant,B,6.75,0.0,7.13,0.0,IndianDishes
no_barcode,Cream of spinach soup,Home/Restaurant,B,3.45,0.0,5.21,0.0,IndianDishes
no_barcode,Cream of mixed vegetable soup,Home/Restaurant,B,4.93,0.0,6.84,0.0,IndianDishes
no_barcode,Cream of mushroom soup,Home/Restaurant,B,3.74,0.0,6.64,0.0,IndianDishes
no_barcode,Chicken sweet corn soup,Home/Restaurant,A,1.63,0.0,14.48,0.0,IndianDishes
no_barcode,Minestrone soup,Home/Restaurant,A,3.71,0.0,9.3,0.0,IndianDishes
no_barcode,Egg drop soup,Home/Restaurant,A,1.1,0.0,12.93,0.0,IndianDishes
no_barcode,Chinese cabbage and meat ball soup,Home/Restaurant,B,1.43,0.0,5.21,0.0,IndianDishes
no_barcode,French onion soup,Home/Restaurant,A,4.28,0.0,11.41,0.0,IndianDishes
no_barcode,Hot and sour soup,Home/Restaurant,B,1.78,0.0,3.12,0.0,IndianDishes
no_barcode,Talaumein soup,Home/Restaurant,A,4.17,0.0,10.12,0.0,IndianDishes
no_barcode,Cold cucumber soup (Thanda kheere ka soup),Home/Restaurant,B,4.58,0.0,2.99,0.0,IndianDishes
no_barcode,Cold summer garden soup,Home/Restaurant,A,2.65,0.0,8.57,0.0,IndianDishes
no_barcode,Chapati/Roti,Home/Restaurant,D,35.65,0.0,5.88,0.0,IndianDishes
no_barcode,Plain parantha/paratha,Home/Restaurant,D,30.69,0.0,5.06,0.0,IndianDishes
no_barcode,Potato parantha/paratha (Aloo ka parantha/paratha),Home/Restaurant,D,23.92,0.0,3.7,0.0,IndianDishes
no_barcode,Radish parantha/paratha (Mooli ka parantha/paratha),Home/Restaurant,C,20.54,0.0,3.3,0.0,IndianDishes
no_barcode,Cauliflower parantha/paratha (Phoolgobhi ka parantha/paratha),Home/Restaurant,C,18.84,0.0,3.73,0.0,IndianDishes
no_barcode,Dal parantha/paratha,Home/Restaurant,D,30.03,0.0,6.78,0.0,IndianDishes
no_barcode,Sprouted moong parantha/paratha,Home/Restaurant,D,24.31,0.0,4.29,0.0,IndianDishes
no_barcode,Pea parantha/paratha (Matar ka parantha/paratha),Home/Restaurant,C,21.51,0.0,5.59,0.0,IndianDishes
no_barcode,Keema parantha/paratha,Home/Restaurant,C,18.36,0.0,9.41,0.0,IndianDishes
no_barcode,Paneer parantha/paratha,Home/Restaurant,D,24.33,0.0,7.98,0.0,IndianDishes
no_barcode,Besan and spinach parantha/paratha (Besan aur palak ka parantha/paratha),Home/Restaurant,C,21.39,0.0,5.54,0.0,IndianDishes
no_barcode,Poori,Home/Restaurant,B,8.22,0.0,1.35,0.0,IndianDishes
no_barcode,Spinach poori (Palak poori),Home/Restaurant,B,7.76,0.0,1.42,0.0,IndianDishes
no_barcode,Methi poori,Home/Restaurant,B,7.98,0.0,1.45,0.0,IndianDishes
no_barcode,Dal stuffed poori,Home/Restaurant,C,10.14,0.0,2.08,0.0,IndianDishes
no_barcode,Potato stuffed poori (Aloo ki poori),Home/Restaurant,B,9.4,0.0,1.52,0.0,IndianDishes
no_barcode,Tandoori parantha/paratha,Home/Restaurant,D,30.74,0.0,5.08,0.0,IndianDishes
no_barcode,Boiled rice (Uble chawal),Home/Restaurant,D,25.72,0.0,2.6,0.0,IndianDishes
no_barcode,Plain pulao,Home/Restaurant,C,21.82,0.0,2.34,0.0,IndianDishes
no_barcode,Mixed vegetable pulao,Home/Restaurant,C,17.49,0.0,2.72,0.0,IndianDishes
no_barcode,Mushroom pulao,Home/Restaurant,C,19.02,0.0,2.52,0.0,IndianDishes
no_barcode,Sprouted moong pulao,Home/Restaurant,C,17.49,0.0,2.19,0.0,IndianDishes
no_barcode,Paneer pulao,Home/Restaurant,B,8.76,0.0,1.98,0.0,IndianDishes
no_barcode,Peanut pulao ,Home/Restaurant,C,21.18,0.0,5.32,0.0,IndianDishes
no_barcode,Navratan pulao,Home/Restaurant,D,36.98,0.0,6.2,0.0,IndianDishes
no_barcode,Green chickpeas pulao (Choliya pulao/Hare chane ka pulao),Home/Restaurant,D,27.57,0.0,4.88,0.0,IndianDishes
no_barcode,Mutton biryani/biriyani,Home/Restaurant,C,22.5,0.0,7.38,0.0,IndianDishes
no_barcode,Vegetable biryani/biriyani,Home/Restaurant,C,18.56,0.0,3.16,0.0,IndianDishes
no_barcode,"Lemon rice (Pulihora, Elumichai sadam, Chitranna)",Home/Restaurant,C,21.62,0.0,4.26,0.0,IndianDishes
no_barcode,Sweet rice (Meethe chawal),Home/Restaurant,D,42.59,0.0,2.1,0.0,IndianDishes
no_barcode,Curd rice (Dahi bhaat/Dahi chawal/ Perugu annam/Daddojanam/Thayir saadam),Home/Restaurant,D,32.93,0.0,5.75,0.0,IndianDishes
no_barcode,Tamarind rice (Chintapandu pulihora/Puliyodharai/Puli sadam/Huli anna),Home/Restaurant,D,65.08,0.0,7.45,0.0,IndianDishes
no_barcode,Spanish rice,Home/Restaurant,D,31.1,0.0,4.19,0.0,IndianDishes
no_barcode,Chinese fried rice,Home/Restaurant,C,13.4,0.0,4.05,0.0,IndianDishes
no_barcode,Macroni cheese pie,Home/Restaurant,C,21.1,0.0,5.85,0.0,IndianDishes
no_barcode,Vegetable chowmein,Home/Restaurant,C,15.44,0.0,3.07,0.0,IndianDishes
no_barcode,Chicken chowmein,Home/Restaurant,C,13.3,0.0,6.33,0.0,IndianDishes
no_barcode,Cheese noodle ring,Home/Restaurant,C,13.96,0.0,6.22,0.0,IndianDishes
no_barcode,Spaghetti and cheese balls in tomato sauce,Home/Restaurant,B,7.82,0.0,2.41,0.0,IndianDishes
no_barcode,Penne platter,Home/Restaurant,C,20.87,0.0,5.04,0.0,IndianDishes
no_barcode,Pasta hot pot,Home/Restaurant,C,11.6,0.0,5.84,0.0,IndianDishes
no_barcode,Chicken lasagne,Home/Restaurant,C,13.9,0.0,10.45,0.0,IndianDishes
no_barcode,Fettuccine with spinach sauce,Home/Restaurant,C,12.19,0.0,3.1,0.0,IndianDishes
no_barcode,Naan,Home/Restaurant,C,51.75,0.0,8.05,0.0,IndianDishes
no_barcode,Bhatura,Home/Restaurant,C,10.73,0.0,1.63,0.0,IndianDishes
no_barcode,Idli,Home/Restaurant,D,28.18,0.0,4.64,0.0,IndianDishes
no_barcode,Masala dosa,Home/Restaurant,C,19.57,0.0,3.29,0.0,IndianDishes
no_barcode,Semolina dosa (Suji/Rava dosa),Home/Restaurant,D,32.84,0.0,7.3,0.0,IndianDishes
no_barcode,Onion tomato uttapam,Home/Restaurant,C,11.32,0.0,1.91,0.0,IndianDishes
no_barcode,Paneer kaathi roll,Home/Restaurant,C,20.1,0.0,6.92,0.0,IndianDishes
no_barcode,Makki ki roti,Home/Restaurant,D,24.19,0.0,3.49,0.0,IndianDishes
no_barcode,Washed moong dal (Dhuli moong ki dal),Home/Restaurant,B,5.91,0.0,2.68,0.0,IndianDishes
no_barcode,Washed urad dal (Dhuli urad ki dal),Home/Restaurant,B,5.84,0.0,2.51,0.0,IndianDishes
no_barcode,Split bengal gram with bottle gourd (Channa dal with ghiya/lauki),Home/Restaurant,B,7.1,0.0,2.79,0.0,IndianDishes
no_barcode,Dry washed urad,Home/Restaurant,C,15.66,0.0,6.85,0.0,IndianDishes
no_barcode,Mixed dal,Home/Restaurant,B,5.79,0.0,2.51,0.0,IndianDishes
no_barcode,Whole moong (Moong ki dal),Home/Restaurant,B,5.22,0.0,2.25,0.0,IndianDishes
no_barcode,Whole masoor (Masoor ki dal),Home/Restaurant,B,5.37,0.0,2.28,0.0,IndianDishes
no_barcode,Whole moth (Moth ki dal),Home/Restaurant,B,5.74,0.0,2.01,0.0,IndianDishes
no_barcode,Whole urad (Urad ki dal),Home/Restaurant,B,5.05,0.0,2.21,0.0,IndianDishes
no_barcode,Moti mahal dal (Urad rajmah mix dal),Home/Restaurant,B,8.74,0.0,3.93,0.0,IndianDishes
no_barcode,Black channa curry/Bengal gram curry (Kale chane ki curry),Home/Restaurant,C,14.11,0.0,5.67,0.0,IndianDishes
no_barcode,Chickpeas curry (Safed channa curry),Home/Restaurant,C,19.98,0.0,6.1,0.0,IndianDishes
no_barcode,Lobia curry,Home/Restaurant,C,17.88,0.0,6.06,0.0,IndianDishes
no_barcode,Soyabean curry,Home/Restaurant,B,6.76,0.0,10.43,0.0,IndianDishes
no_barcode,Kidney bean curry (Rajmah curry),Home/Restaurant,C,16.38,0.0,5.95,0.0,IndianDishes
no_barcode,Sambar,Home/Restaurant,C,10.57,0.0,3.35,0.0,IndianDishes
no_barcode,Besan kadhi with pakodies,Home/Restaurant,B,3.56,0.0,1.64,0.0,IndianDishes
no_barcode,Khatta channa,Home/Restaurant,C,21.14,0.0,6.3,0.0,IndianDishes
no_barcode,Sprouted moong dal chat,Home/Restaurant,B,6.01,0.0,1.35,0.0,IndianDishes
no_barcode,Potato cauliflower (Aloo gobhi),Home/Restaurant,B,5.99,0.0,1.9,0.0,IndianDishes
no_barcode,Potato capsicum (Shimla mirch aloo),Home/Restaurant,B,8.72,0.0,1.41,0.0,IndianDishes
no_barcode,Cabbage and peas (Pattagobhi aur matar),Home/Restaurant,B,6.24,0.0,3.24,0.0,IndianDishes
no_barcode,Carrot and fenugreek leaves (Gajar methi),Home/Restaurant,B,4.17,0.0,2.1,0.0,IndianDishes
no_barcode,Potato fenugreek (Aloo methi),Home/Restaurant,B,8.47,0.0,2.25,0.0,IndianDishes
no_barcode,Brinjal bhartha (Baingan ka bhartha),Home/Restaurant,B,4.4,0.0,1.38,0.0,IndianDishes
no_barcode,Dry potato (Sookhe aloo),Home/Restaurant,C,14.38,0.0,1.62,0.0,IndianDishes
no_barcode,Beans with coconut (Nariyal aur sem/phali; Beans thoran),Home/Restaurant,B,4.39,0.0,2.62,0.0,IndianDishes
no_barcode,Cauliflower with coconut (Nariyal ke saath phoolgobhi),Home/Restaurant,B,3.99,0.0,2.64,0.0,IndianDishes
no_barcode,Carrot and cabbage with coconut (Nariyal ke saath pattagobhi aur gajar),Home/Restaurant,B,4.99,0.0,1.82,0.0,IndianDishes
no_barcode,Raw turnip with coconut ,Home/Restaurant,B,5.78,0.0,1.8,0.0,IndianDishes
no_barcode,Raw papaya with coconut (Papaya thoran),Home/Restaurant,B,5.58,0.0,1.54,0.0,IndianDishes
no_barcode,Stuffed okra (Bharwa bhindi),Home/Restaurant,B,3.85,0.0,2.08,0.0,IndianDishes
no_barcode,Stuffed round gourd (Bharwa tinde),Home/Restaurant,B,4.02,0.0,1.1,0.0,IndianDishes
no_barcode,Stuffed capsicum (Bharwa shimla mirch),Home/Restaurant,B,8.26,0.0,1.34,0.0,IndianDishes
no_barcode,Stuffed brinjal (Bharwa baingan),Home/Restaurant,B,3.96,0.0,1.53,0.0,IndianDishes
no_barcode,Stuffed tomatoes (Bharwa tamatar),Home/Restaurant,B,6.19,0.0,3.28,0.0,IndianDishes
no_barcode,Pea potato curry (Aloo matar),Home/Restaurant,B,9.74,0.0,3.48,0.0,IndianDishes
no_barcode,Pea paneer curry (Matar paneer),Home/Restaurant,B,9.29,0.0,6.61,0.0,IndianDishes
no_barcode,Pea mushroom curry (Matar mushroom),Home/Restaurant,B,7.41,0.0,3.87,0.0,IndianDishes
no_barcode,Pea curry (Matar ki sabzi),Home/Restaurant,B,9.2,0.0,4.51,0.0,IndianDishes
no_barcode,Pea vadi curry,Home/Restaurant,B,8.9,0.0,4.64,0.0,IndianDishes
no_barcode,Paneer curry,Home/Restaurant,B,8.4,0.0,7.8,0.0,IndianDishes
no_barcode,Lotus stem curry (Kamal kakdi curry),Home/Restaurant,B,9.24,0.0,1.53,0.0,IndianDishes
no_barcode,Gravy for kofta,Home/Restaurant,B,6.31,0.0,1.75,0.0,IndianDishes
no_barcode,Pea kofta curry (Matar kofta curry),Home/Restaurant,B,4.17,0.0,2.01,0.0,IndianDishes
no_barcode,Spinach kofta curry (Palak kofta curry),Home/Restaurant,B,3.56,0.0,1.09,0.0,IndianDishes
no_barcode,Paneer kofta curry,Home/Restaurant,B,3.27,0.0,2.39,0.0,IndianDishes
no_barcode,Lotus stem kofta curry (Kamal kakdi kofta curry),Home/Restaurant,B,5.01,0.0,0.96,0.0,IndianDishes
no_barcode,Raw banana kofta curry (Kela kofta curry),Home/Restaurant,B,3.4,0.0,0.62,0.0,IndianDishes
no_barcode,Cauliflower kofta curry (Phoolgobhi kofta curry),Home/Restaurant,B,2.62,0.0,1.04,0.0,IndianDishes
no_barcode,Cabbage kofta curry (Pattagobhi kofta curry),Home/Restaurant,B,2.87,0.0,0.98,0.0,IndianDishes
no_barcode,Ghiya/Lauki Kofta Curry,Home/Restaurant,B,2.71,0.0,0.89,0.0,IndianDishes
no_barcode,Spinach paneer kofta curry (Palak paneer kofta curry),Home/Restaurant,B,2.94,0.0,1.43,0.0,IndianDishes
no_barcode,Vegetarian egg kofta curry,Home/Restaurant,B,4.26,0.0,1.33,0.0,IndianDishes
no_barcode,Baked vegetables,Home/Restaurant,B,8.44,0.0,3.67,0.0,IndianDishes
no_barcode,Cauliflower musallam (Phoolgobhi musallam),Home/Restaurant,B,4.48,0.0,1.89,0.0,IndianDishes
no_barcode,Baked vegetables with spinach ,Home/Restaurant,B,6.93,0.0,3.22,0.0,IndianDishes
no_barcode,Baked potato with skin ,Home/Restaurant,C,11.11,0.0,3.43,0.0,IndianDishes
no_barcode,Shepherd's pie (vegetarian),Home/Restaurant,C,12.03,0.0,5.04,0.0,IndianDishes
no_barcode,Baked brinjal in tomato sauce,Home/Restaurant,B,4.13,0.0,1.58,0.0,IndianDishes
no_barcode,Dum aloo,Home/Restaurant,B,3.33,0.0,0.7,0.0,IndianDishes
no_barcode,Spinach paneer (Palak paneer),Home/Restaurant,B,4.43,0.0,4.03,0.0,IndianDishes
no_barcode,Methi chaman,Home/Restaurant,B,2.78,0.0,1.54,0.0,IndianDishes
no_barcode,Sarson ka saag,Home/Restaurant,B,5.33,0.0,3.0,0.0,IndianDishes
no_barcode,Jackfruit sabzi (Kathal ki sabzi),Home/Restaurant,B,3.4,0.0,0.69,0.0,IndianDishes
no_barcode,Avial,Home/Restaurant,B,8.47,0.0,2.46,0.0,IndianDishes
no_barcode,Al yakhani,Home/Restaurant,B,4.65,0.0,2.86,0.0,IndianDishes
no_barcode,Shahi paneer,Home/Restaurant,B,6.64,0.0,5.06,0.0,IndianDishes
no_barcode,Paneer in butter sauce,Home/Restaurant,B,9.7,0.0,6.99,0.0,IndianDishes
no_barcode,Methi malai paneer,Home/Restaurant,B,8.15,0.0,7.34,0.0,IndianDishes
no_barcode,Chilli paneer,Home/Restaurant,B,3.31,0.0,2.1,0.0,IndianDishes
no_barcode,Paneer makhana korma,Home/Restaurant,B,4.63,0.0,3.24,0.0,IndianDishes
no_barcode,Kadhai Paneer,Home/Restaurant,B,7.34,0.0,4.33,0.0,IndianDishes
no_barcode,Roghan josh,Home/Restaurant,B,4.93,0.0,9.56,0.0,IndianDishes
no_barcode,Spinach mutton (Palak mutton),Home/Restaurant,B,3.45,0.0,5.74,0.0,IndianDishes
no_barcode,Pea keema curry (Matar keema ki sabzi),Home/Restaurant,B,6.24,0.0,8.43,0.0,IndianDishes
no_barcode,Keema kofta curry,Home/Restaurant,B,5.64,0.0,9.77,0.0,IndianDishes
no_barcode,Kashmiri mutton koftas (Gushtaba),Home/Restaurant,B,3.04,0.0,6.33,0.0,IndianDishes
no_barcode,Mutton yakhni,Home/Restaurant,A,0.84,0.0,8.27,0.0,IndianDishes
no_barcode,Chicken yakhni,Home/Restaurant,A,0.78,0.0,10.66,0.0,IndianDishes
no_barcode,Mutton do piaza,Home/Restaurant,A,4.14,0.0,9.39,0.0,IndianDishes
no_barcode,Mutton chops,Home/Restaurant,B,1.48,0.0,4.03,0.0,IndianDishes
no_barcode,Shammi kebab,Home/Restaurant,B,3.54,0.0,4.52,0.0,IndianDishes
no_barcode,Scotch egg,Home/Restaurant,B,1.91,0.0,4.05,0.0,IndianDishes
no_barcode,Shepherd's pie (with minced meat),Home/Restaurant,B,8.06,0.0,7.45,0.0,IndianDishes
no_barcode,Chicken curry,Home/Restaurant,A,3.38,0.0,11.79,0.0,IndianDishes
no_barcode,Tandoori chicken,Home/Restaurant,A,2.34,0.0,16.26,0.0,IndianDishes
no_barcode,Butter chicken,Home/Restaurant,A,3.74,0.0,10.92,0.0,IndianDishes
no_barcode,Chicken kebab,Home/Restaurant,B,1.11,0.0,3.71,0.0,IndianDishes
no_barcode,Chilli chicken,Home/Restaurant,A,2.86,0.0,9.57,0.0,IndianDishes
no_barcode,Fried chicken with tomato sauce (Fried chicken tamatar ki chutney kay saath),Home/Restaurant,A,2.51,0.0,11.48,0.0,IndianDishes
no_barcode,Fish curry (Machli curry),Home/Restaurant,A,3.77,0.0,8.76,0.0,IndianDishes
no_barcode,Fried fish (Indian style) (Tali hui machli),Home/Restaurant,B,5.4,0.0,4.35,0.0,IndianDishes
no_barcode,Fried fish and Chips (English Style) (Tali hui machli aur chips),Home/Restaurant,B,2.77,0.0,3.36,0.0,IndianDishes
no_barcode,Tomato fish,Home/Restaurant,B,3.18,0.0,2.39,0.0,IndianDishes
no_barcode,Baked fish with cheese sauce,Home/Restaurant,A,4.06,0.0,8.64,0.0,IndianDishes
no_barcode,Fish tikka,Home/Restaurant,A,3.91,0.0,16.0,0.0,IndianDishes
no_barcode,Tandoori fish,Home/Restaurant,A,2.37,0.0,11.19,0.0,IndianDishes
no_barcode,"Paneer, apple and pineapple salad",Home/Restaurant,B,8.35,0.0,3.88,0.0,IndianDishes
no_barcode,Russian salad,Home/Restaurant,B,6.5,0.0,4.26,0.0,IndianDishes
no_barcode,Pasta salad,Home/Restaurant,C,12.7,0.0,4.15,0.0,IndianDishes
no_barcode,Deviled egg,Home/Restaurant,B,2.23,0.0,4.97,0.0,IndianDishes
no_barcode,Hawain salad,Home/Restaurant,C,14.35,0.0,4.27,0.0,IndianDishes
no_barcode,Mixed pulse and vegetable salad,Home/Restaurant,C,13.96,0.0,4.74,0.0,IndianDishes
no_barcode,Sprouted moong salad ,Home/Restaurant,B,5.48,0.0,2.29,0.0,IndianDishes
no_barcode,Tossed salad,Home/Restaurant,B,4.95,0.0,1.02,0.0,IndianDishes
no_barcode,Mixed vegetable salad with curd sauce,Home/Restaurant,B,7.03,0.0,4.23,0.0,IndianDishes
no_barcode,Potato salad (Aloo ka salaad),Home/Restaurant,C,11.19,0.0,1.4,0.0,IndianDishes
no_barcode,Waldroff salad,Home/Restaurant,C,11.02,0.0,1.47,0.0,IndianDishes
no_barcode,Coleslaw,Home/Restaurant,B,5.59,0.0,1.24,0.0,IndianDishes
no_barcode,Fruit salad (Phalon ka salaad),Home/Restaurant,C,15.96,0.0,0.91,0.0,IndianDishes
no_barcode,Tomato onion raita (Tamatar aur pyaaz ka raita),Home/Restaurant,B,7.08,0.0,3.74,0.0,IndianDishes
no_barcode,Peanut raita (Mungfali ka raita),Home/Restaurant,B,9.3,0.0,8.59,0.0,IndianDishes
no_barcode,Sprouted moong raita ,Home/Restaurant,B,6.13,0.0,4.62,0.0,IndianDishes
no_barcode,Bottle gourd raita (Ghiya/Lauki ka raita),Home/Restaurant,B,5.76,0.0,3.98,0.0,IndianDishes
no_barcode,Cucumber raita (Kheere ka raita),Home/Restaurant,B,6.35,0.0,4.04,0.0,IndianDishes
no_barcode,Carrot and spinach raita (Gajar aur palak ka raita),Home/Restaurant,B,5.83,0.0,4.0,0.0,IndianDishes
no_barcode,Mint raita (Pudinay ka raita),Home/Restaurant,B,7.65,0.0,5.64,0.0,IndianDishes
no_barcode,Potato raita (Aloo ka raita),Home/Restaurant,C,10.24,0.0,4.22,0.0,IndianDishes
no_barcode,Boondi raita,Home/Restaurant,B,3.96,0.0,2.19,0.0,IndianDishes
no_barcode,Sweet raita (Meetha raita),Home/Restaurant,C,17.93,0.0,3.24,0.0,IndianDishes
no_barcode,Dahi vadas/Dahi bhalla,Home/Restaurant,B,5.49,0.0,2.96,0.0,IndianDishes
no_barcode,Gunjia,Home/Restaurant,B,5.68,0.0,2.98,0.0,IndianDishes
no_barcode,Saunth/Sonth chutney with tamarind/imli,Home/Restaurant,D,33.55,0.0,1.01,0.0,IndianDishes
no_barcode,Rice kheer (Chawal ki kheer),Home/Restaurant,C,10.05,0.0,2.3,0.0,IndianDishes
no_barcode,Makhana kheer,Home/Restaurant,C,12.88,0.0,3.31,0.0,IndianDishes
no_barcode,Vermicelli kheer (Semiya/Seviyan ki kheer),Home/Restaurant,C,15.87,0.0,3.35,0.0,IndianDishes
no_barcode,Semolina kheer (Suji/Rava kheer),Home/Restaurant,C,15.88,0.0,3.43,0.0,IndianDishes
no_barcode,Paneer kheer,Home/Restaurant,C,10.03,0.0,4.53,0.0,IndianDishes
no_barcode,Cabbage kheer (Pattagobhi ki kheer),Home/Restaurant,B,9.73,0.0,2.87,0.0,IndianDishes
no_barcode,Carrot kheer (Gajar ki kheer),Home/Restaurant,C,10.09,0.0,2.81,0.0,IndianDishes
no_barcode,Cauliflower kheer (Phoolgobhi ki kheer),Home/Restaurant,B,8.78,0.0,3.04,0.0,IndianDishes
no_barcode,Moong dal kheer,Home/Restaurant,B,9.89,0.0,2.95,0.0,IndianDishes
no_barcode,Phirni,Home/Restaurant,C,16.11,0.0,3.49,0.0,IndianDishes
no_barcode,Semolina halwa (Suji ka halwa),Home/Restaurant,D,24.67,0.0,2.16,0.0,IndianDishes
no_barcode,Shahi suji halwa,Home/Restaurant,D,44.44,0.0,3.48,0.0,IndianDishes
no_barcode,Carrot halwa (Gajar ka halwa),Home/Restaurant,C,18.53,0.0,3.11,0.0,IndianDishes
no_barcode,Egg halwa (Ande ka halwa),Home/Restaurant,D,39.59,0.0,7.85,0.0,IndianDishes
no_barcode,Potato halwa (Aloo ka halwa),Home/Restaurant,D,29.18,0.0,1.53,0.0,IndianDishes
no_barcode,Pumpkin halwa (Kaddu ka halwa),Home/Restaurant,D,27.6,0.0,1.33,0.0,IndianDishes
no_barcode,Moong dal halwa,Home/Restaurant,C,40.23,0.0,8.35,0.0,IndianDishes
no_barcode,Caramel custard (steamed),Home/Restaurant,C,15.02,0.0,4.97,0.0,IndianDishes
no_barcode,Baked custard,Home/Restaurant,B,9.45,0.0,5.41,0.0,IndianDishes
no_barcode,Soft Custard (stirred),Home/Restaurant,C,11.19,0.0,5.01,0.0,IndianDishes
no_barcode,Chocolate ice cream,Home/Restaurant,C,15.41,0.0,4.47,0.0,IndianDishes
no_barcode,Mango ice cream,Home/Restaurant,C,11.14,0.0,3.4,0.0,IndianDishes
no_barcode,Fruit Ice cream (Phalon ka Ice cream),Home/Restaurant,C,16.05,0.0,4.37,0.0,IndianDishes
no_barcode,Caramel ice cream,Home/Restaurant,C,14.81,0.0,4.31,0.0,IndianDishes
no_barcode,Lemon souffle,Home/Restaurant,C,13.43,0.0,6.95,0.0,IndianDishes
no_barcode,Orange souffle,Home/Restaurant,C,14.2,0.0,6.8,0.0,IndianDishes
no_barcode,Vanilla souffle,Home/Restaurant,C,14.78,0.0,7.71,0.0,IndianDishes
no_barcode,Chocolate souffle,Home/Restaurant,C,14.74,0.0,7.88,0.0,IndianDishes
no_barcode,Pineapple souffle ,Home/Restaurant,C,15.52,0.0,8.06,0.0,IndianDishes
no_barcode,Apple mousse,Home/Restaurant,C,12.77,0.0,4.21,0.0,IndianDishes
no_barcode,Rich chocolate mousse,Home/Restaurant,C,10.84,0.0,7.96,0.0,IndianDishes
no_barcode,Mango mousse,Home/Restaurant,B,9.14,0.0,3.21,0.0,IndianDishes
no_barcode,Orange and pineapple cream,Home/Restaurant,C,11.96,0.0,1.44,0.0,IndianDishes
no_barcode,Charlotte rousse,Home/Restaurant,D,34.08,0.0,3.95,0.0,IndianDishes
no_barcode,Triffle pudding,Home/Restaurant,C,18.24,0.0,2.93,0.0,IndianDishes
no_barcode,Snow flakes pudding,Home/Restaurant,B,8.07,0.0,4.67,0.0,IndianDishes
no_barcode,Kulfi,Home/Restaurant,C,11.3,0.0,3.21,0.0,IndianDishes
no_barcode,Steamed orange pudding,Home/Restaurant,D,41.53,0.0,2.34,0.0,IndianDishes
no_barcode,Meringue and rice pudding,Home/Restaurant,C,14.6,0.0,4.84,0.0,IndianDishes
no_barcode,Cheese pudding,Home/Restaurant,C,19.27,0.0,11.29,0.0,IndianDishes
no_barcode,Chocolate pudding,Home/Restaurant,D,29.59,0.0,3.55,0.0,IndianDishes
no_barcode,Bread and butter pudding ,Home/Restaurant,C,19.63,0.0,5.59,0.0,IndianDishes
no_barcode,Queen of pudding,Home/Restaurant,C,16.35,0.0,5.51,0.0,IndianDishes
no_barcode,Pineapple upside down pudding,Home/Restaurant,D,35.73,0.0,3.15,0.0,IndianDishes
no_barcode,Date and nut pie,Home/Restaurant,D,46.86,0.0,3.93,0.0,IndianDishes
no_barcode,Stewed apple with custard,Home/Restaurant,C,18.36,0.0,1.27,0.0,IndianDishes
no_barcode,Apple snowballs,Home/Restaurant,D,24.58,0.0,0.86,0.0,IndianDishes
no_barcode,Hot orange souffle,Home/Restaurant,C,18.77,0.0,6.87,0.0,IndianDishes
no_barcode,Hot chocolate souffle,Home/Restaurant,D,26.21,0.0,6.7,0.0,IndianDishes
no_barcode,Hot vanilla souffle,Home/Restaurant,C,21.77,0.0,6.87,0.0,IndianDishes
no_barcode,Plain burfi (Burfi),Home/Restaurant,C,30.88,0.0,9.82,0.0,IndianDishes
no_barcode,Coconut burfi (Nariyal ki burfi),Home/Restaurant,C,32.15,0.0,8.81,0.0,IndianDishes
no_barcode,Bottle gourd burfi (Ghiya/Lauki burfi),Home/Restaurant,D,24.51,0.0,5.86,0.0,IndianDishes
no_barcode,Chocolate burfi,Home/Restaurant,C,33.15,0.0,13.0,0.0,IndianDishes
no_barcode,Cashewnut burfi (Kaju burfi/Kaju katli),Home/Restaurant,D,37.92,0.0,5.48,0.0,IndianDishes
no_barcode,Gram flour burfi (Besan burfi),Home/Restaurant,C,46.59,0.0,11.19,0.0,IndianDishes
no_barcode,Semolina ladoo with khoya (Suji/Rava aur khoye ke ladoo ),Home/Restaurant,D,52.86,0.0,6.71,0.0,IndianDishes
no_barcode,Semolina ladoo with coconut (Suji/Rava aur nariyal ke ladoo ),Home/Restaurant,D,50.9,0.0,5.68,0.0,IndianDishes
no_barcode,Gram flour ladoo (Besan ladoo),Home/Restaurant,C,62.61,0.0,8.93,0.0,IndianDishes
no_barcode,Sesame ladoo (Til ke ladoo),Home/Restaurant,C,43.5,0.0,10.7,0.0,IndianDishes
no_barcode,Chenna murki,Home/Restaurant,C,36.01,0.0,10.46,0.0,IndianDishes
no_barcode,Milk cake,Home/Restaurant,B,9.13,0.0,3.01,0.0,IndianDishes
no_barcode,Ghujia/Lavang latika,Home/Restaurant,C,13.0,0.0,1.86,0.0,IndianDishes
no_barcode,Gulab Jamun with khoya,Home/Restaurant,D,26.09,0.0,2.03,0.0,IndianDishes
no_barcode,Mal pua,Home/Restaurant,C,17.56,0.0,1.71,0.0,IndianDishes
no_barcode,Shahi tukre,Home/Restaurant,D,41.46,0.0,2.76,0.0,IndianDishes
no_barcode,Potato pakora/pakoda (Aloo pakoda),Home/Restaurant,B,6.04,0.0,1.9,0.0,IndianDishes
no_barcode,Onion pakora/pakoda (Pyaaz ke pakode),Home/Restaurant,B,5.41,0.0,1.9,0.0,IndianDishes
no_barcode,Cauliflower pakora/pakoda (Phoolgobhi ke pakode),Home/Restaurant,B,4.52,0.0,1.98,0.0,IndianDishes
no_barcode,Mixed vegetable pakora/pakoda,Home/Restaurant,B,5.12,0.0,1.94,0.0,IndianDishes
no_barcode,Spinach pakora/pakoda (Palak pakoda),Home/Restaurant,B,4.68,0.0,1.96,0.0,IndianDishes
no_barcode,Methi pakora/pakoda (Methi ke pakode),Home/Restaurant,B,4.68,0.0,2.06,0.0,IndianDishes
no_barcode,Egg pakora/pakoda (Ande ke pakode),Home/Restaurant,B,4.48,0.0,2.83,0.0,IndianDishes
no_barcode,Bread pakora/pakoda,Home/Restaurant,B,8.87,0.0,2.57,0.0,IndianDishes
no_barcode,Paneer pakora/pakoda,Home/Restaurant,B,5.52,0.0,3.27,0.0,IndianDishes
no_barcode,Potato bonda (Aloo bonda),Home/Restaurant,B,4.53,0.0,1.09,0.0,IndianDishes
no_barcode,Potato samosa (Aloo ka samosa),Home/Restaurant,B,9.21,0.0,1.71,0.0,IndianDishes
no_barcode,Minced meat samosa (Keema ka samosa),Home/Restaurant,B,6.14,0.0,4.43,0.0,IndianDishes
no_barcode,Paneer and pea samosa (Paneer matar ka samosa),Home/Restaurant,B,8.55,0.0,4.02,0.0,IndianDishes
no_barcode,Mathri,Home/Restaurant,C,12.32,0.0,1.75,0.0,IndianDishes
no_barcode,Khasta kachori,Home/Restaurant,C,12.81,0.0,2.51,0.0,IndianDishes
no_barcode,Vegetable cutlet,Home/Restaurant,B,4.68,0.0,1.25,0.0,IndianDishes
no_barcode,Flattened rice cutlet (Chirwa cutlet/Chivda cutlet/Poha cutlet),Home/Restaurant,B,7.39,0.0,1.76,0.0,IndianDishes
no_barcode,Peanut cutlet (Mungfali ke cutlet),Home/Restaurant,B,5.68,0.0,2.63,0.0,IndianDishes
no_barcode,Fish cutlet (Machli ka cutlet),Home/Restaurant,B,3.13,0.0,2.77,0.0,IndianDishes
no_barcode,Paneer potato cutlet (Paneer aloo cutlet),Home/Restaurant,B,5.23,0.0,2.47,0.0,IndianDishes
no_barcode,Spinach chickpeas cutlet (Palak channa dal cutlet),Home/Restaurant,B,4.93,0.0,1.44,0.0,IndianDishes
no_barcode,Cheese toast,Home/Restaurant,B,5.49,0.0,1.98,0.0,IndianDishes
no_barcode,Vegetable burger,Home/Restaurant,C,13.69,0.0,3.26,0.0,IndianDishes
no_barcode,Cheese pizza,Home/Restaurant,D,30.62,0.0,5.79,0.0,IndianDishes
no_barcode,Vegetable seekh kebab,Home/Restaurant,B,5.32,0.0,1.57,0.0,IndianDishes
no_barcode,Masala vada,Home/Restaurant,B,4.06,0.0,1.69,0.0,IndianDishes
no_barcode,Peanut sago vada (Sabudana mungfali vada),Home/Restaurant,B,7.14,0.0,1.01,0.0,IndianDishes
no_barcode,Vegeterian scotch egg,Home/Restaurant,B,4.64,0.0,2.16,0.0,IndianDishes
no_barcode,Paneer shaslik/tikka,Home/Restaurant,B,7.98,0.0,5.11,0.0,IndianDishes
no_barcode,Peanut brittle (Moongfali ki chikki),Home/Restaurant,D,47.46,0.0,6.94,0.0,IndianDishes
no_barcode,Spring roll,Home/Restaurant,B,8.56,0.0,1.81,0.0,IndianDishes
no_barcode,Dry mango chutney (Sookhe aam ki chutney),Home/Restaurant,D,69.17,0.0,2.43,0.0,IndianDishes
no_barcode,Peanut chutney (Mungfali ki chutney),Home/Restaurant,B,9.87,0.0,11.8,0.0,IndianDishes
no_barcode,Coconut chutney (Nariyal ki chutney),Home/Restaurant,B,8.29,0.0,3.59,0.0,IndianDishes
no_barcode,Mint and coriander chutney (Pudinay aur dhaniye ki chutney),Home/Restaurant,C,21.18,0.0,2.81,0.0,IndianDishes
no_barcode,Custard tart,Home/Restaurant,D,28.66,0.0,3.72,0.0,IndianDishes
no_barcode,Lemon tart,Home/Restaurant,D,30.68,0.0,6.12,0.0,IndianDishes
no_barcode,Jam tart,Home/Restaurant,D,46.18,0.0,4.42,0.0,IndianDishes
no_barcode,Orange cream tart,Home/Restaurant,D,27.43,0.0,2.58,0.0,IndianDishes
no_barcode,Pineapple tart,Home/Restaurant,D,28.62,0.0,2.29,0.0,IndianDishes
no_barcode,Cheese and mushroom tart,Home/Restaurant,C,21.43,0.0,5.51,0.0,IndianDishes
no_barcode,Cottage cheese pie,Home/Restaurant,C,20.66,0.0,7.45,0.0,IndianDishes
no_barcode,Minced meat pie,Home/Restaurant,C,18.11,0.0,7.38,0.0,IndianDishes
no_barcode,Apple cinnamon pie,Home/Restaurant,D,33.68,0.0,3.35,0.0,IndianDishes
no_barcode,Lemon meringue pie,Home/Restaurant,D,35.11,0.0,3.88,0.0,IndianDishes
no_barcode,Chocolate meringue pie,Home/Restaurant,D,28.8,0.0,4.98,0.0,IndianDishes
no_barcode,Cream puffs,Home/Restaurant,C,16.0,0.0,4.7,0.0,IndianDishes
no_barcode,Chocolate eclairs,Home/Restaurant,D,26.22,0.0,4.24,0.0,IndianDishes
no_barcode,Cheese balls,Home/Restaurant,B,4.81,0.0,2.21,0.0,IndianDishes
no_barcode,Minced meat patties,Home/Restaurant,C,15.25,0.0,6.88,0.0,IndianDishes
no_barcode,Cheese patties,Home/Restaurant,C,22.23,0.0,7.38,0.0,IndianDishes
no_barcode,Hot cheese souffle,Home/Restaurant,B,5.41,0.0,9.18,0.0,IndianDishes
no_barcode,Hot potato souffle,Home/Restaurant,B,8.56,0.0,5.51,0.0,IndianDishes
no_barcode,Hot fish souffle,Home/Restaurant,A,3.69,0.0,11.23,0.0,IndianDishes
no_barcode,Hot spinach souffle,Home/Restaurant,B,4.19,0.0,5.43,0.0,IndianDishes
no_barcode,Plain cream cake,Home/Restaurant,D,47.18,0.0,6.18,0.0,IndianDishes
no_barcode,Apple cake (Seb ka cake),Home/Restaurant,D,39.48,0.0,4.94,0.0,IndianDishes
no_barcode,Marble cake,Home/Restaurant,D,46.88,0.0,6.3,0.0,IndianDishes
no_barcode,Chocolate cake,Home/Restaurant,D,45.14,0.0,6.01,0.0,IndianDishes
no_barcode,Orange cake,Home/Restaurant,D,48.28,0.0,6.1,0.0,IndianDishes
no_barcode,Fruit Loaf ,Home/Restaurant,D,46.49,0.0,5.36,0.0,IndianDishes
no_barcode,Banana cake (Kele ka cake),Home/Restaurant,D,40.0,0.0,5.77,0.0,IndianDishes
no_barcode,Chocolate chiffon cake,Home/Restaurant,D,37.87,0.0,5.76,0.0,IndianDishes
no_barcode,Christmas cake,Home/Restaurant,D,48.29,0.0,5.49,0.0,IndianDishes
no_barcode,Strawberry and vanilla cake with butter icing,Home/Restaurant,D,44.25,0.0,3.89,0.0,IndianDishes
no_barcode,Eggless cake,Home/Restaurant,C,46.14,0.0,8.12,0.0,IndianDishes
no_barcode,Swiss roll,Home/Restaurant,D,48.34,0.0,7.3,0.0,IndianDishes
no_barcode,Pineapple pastry ,Home/Restaurant,D,29.04,0.0,6.06,0.0,IndianDishes
no_barcode,Black forest pastry,Home/Restaurant,D,34.48,0.0,6.09,0.0,IndianDishes
no_barcode,Coconut finger,Home/Restaurant,D,42.56,0.0,7.09,0.0,IndianDishes
no_barcode,Pineapple cake ,Home/Restaurant,D,23.51,0.0,5.01,0.0,IndianDishes
no_barcode,Chocolate walnut cookies (Chocolate aur akhrot ke cookies),Home/Restaurant,D,47.1,0.0,6.56,0.0,IndianDishes
no_barcode,Chocolate chip cookies,Home/Restaurant,D,57.98,0.0,5.79,0.0,IndianDishes
no_barcode,Sweet plain biscuit,Home/Restaurant,D,50.29,0.0,5.86,0.0,IndianDishes
no_barcode,Chocolate biscuit,Home/Restaurant,D,51.56,0.0,5.88,0.0,IndianDishes
no_barcode,Coconut biscuit (Nariyal ke biscuit),Home/Restaurant,D,42.9,0.0,5.78,0.0,IndianDishes
no_barcode,Sweet and salty biscuit (Meethay aur namkeen biscuit),Home/Restaurant,D,45.09,0.0,6.15,0.0,IndianDishes
no_barcode,Peanut biscuit,Home/Restaurant,C,46.72,0.0,8.45,0.0,IndianDishes
no_barcode,Pin wheel biscuit,Home/Restaurant,D,54.56,0.0,5.4,0.0,IndianDishes
no_barcode,Saffron biscuit (Kesar biscuit),Home/Restaurant,D,59.7,0.0,6.05,0.0,IndianDishes
no_barcode,Masala biscuit,Home/Restaurant,D,45.18,0.0,6.06,0.0,IndianDishes
no_barcode,Ice box cookies,Home/Restaurant,D,56.09,0.0,5.7,0.0,IndianDishes
no_barcode,Ginger bread man,Home/Restaurant,D,60.26,0.0,6.61,0.0,IndianDishes
no_barcode,Danish cookies,Home/Restaurant,D,58.0,0.0,5.33,0.0,IndianDishes
no_barcode,Short bread cookies,Home/Restaurant,D,64.82,0.0,6.03,0.0,IndianDishes
no_barcode,Coffee biscuit,Home/Restaurant,D,46.55,0.0,6.9,0.0,IndianDishes
no_barcode,Melting moments,Home/Restaurant,D,55.84,0.0,5.71,0.0,IndianDishes
no_barcode,Ginger biscuit (Adarak ke biscuit),Home/Restaurant,D,58.44,0.0,5.98,0.0,IndianDishes
no_barcode,Soyabean muthias,Home/Restaurant,B,3.7,0.0,2.46,0.0,IndianDishes
no_barcode,Soyabean tikki,Home/Restaurant,B,4.39,0.0,3.53,0.0,IndianDishes
no_barcode,Soyabean namak paras,Home/Restaurant,B,4.65,0.0,2.65,0.0,IndianDishes
no_barcode,Peanut burfi (Moongfali ki burfi),Home/Restaurant,C,48.14,0.0,9.31,0.0,IndianDishes
no_barcode,Spinach peanut namak paras (Palak moongfali namak paras),Home/Restaurant,B,6.62,0.0,1.65,0.0,IndianDishes
no_barcode,Gram flour and semolina chilla/cheela/savory pancake (Besan suji chilla/cheela),Home/Restaurant,B,7.63,0.0,2.08,0.0,IndianDishes
no_barcode,Rice moong dal cheela (Chawal aur moong dal ka cheela),Home/Restaurant,C,11.13,0.0,2.74,0.0,IndianDishes
no_barcode,Split bengal gram sweet rice (Channa dal sweet rice),Home/Restaurant,D,41.07,0.0,4.15,0.0,IndianDishes
no_barcode,Sweet poori (Meethi poori),Home/Restaurant,C,14.26,0.0,2.12,0.0,IndianDishes
no_barcode,Wheat flour and moong dal burfi (Atta aur moong dal ki burfi),Home/Restaurant,C,60.0,0.0,9.84,0.0,IndianDishes
no_barcode,Spinach burfi (Palak burfi),Home/Restaurant,C,12.76,0.0,2.71,0.0,IndianDishes
no_barcode,Sweet split chickpea roti (Sweet channa dal roti/Puranpoli),Home/Restaurant,C,62.66,0.0,9.51,0.0,IndianDishes
no_barcode,Sprouted moong daliya ,Home/Restaurant,C,14.77,0.0,2.81,0.0,IndianDishes
no_barcode,Sprouted moong poha ,Home/Restaurant,D,26.6,0.0,5.59,0.0,IndianDishes
no_barcode,Pearl millet ladoo (Bajra ladoo),Home/Restaurant,C,50.98,0.0,9.61,0.0,IndianDishes
no_barcode,Paushtik ladoo,Home/Restaurant,D,60.34,0.0,7.65,0.0,IndianDishes
no_barcode,Paushtik roti,Home/Restaurant,D,26.59,0.0,7.17,0.0,IndianDishes
no_barcode,Semolina carrot vada (Suji gajar vada),Home/Restaurant,B,6.52,0.0,1.56,0.0,IndianDishes
no_barcode,Dhokla,Home/Restaurant,C,30.68,0.0,13.45,0.0,IndianDishes
no_barcode,Kashmiri tea (Kehwa),Home/Restaurant,B,5.23,0.0,0.17,0.0,IndianDishes
no_barcode,Steeped hot coffee,Home/Restaurant,B,3.01,0.0,0.39,0.0,IndianDishes
no_barcode,Hot chocolate,Home/Restaurant,B,9.02,0.0,3.43,0.0,IndianDishes
no_barcode,Cold coffee (with cream),Home/Restaurant,C,11.98,0.0,1.93,0.0,IndianDishes
no_barcode,Banana milkshake with ice cream (Kele ka milkshake ice cream ke saath),Home/Restaurant,C,11.15,0.0,2.01,0.0,IndianDishes
no_barcode,Flavoured milkshake,Home/Restaurant,B,8.65,0.0,2.06,0.0,IndianDishes
no_barcode,Jal jeera,Home/Restaurant,B,6.7,0.0,0.44,0.0,IndianDishes
no_barcode,Gingo,Home/Restaurant,C,12.42,0.0,0.14,0.0,IndianDishes
no_barcode,Mintade,Home/Restaurant,C,10.59,0.0,0.03,0.0,IndianDishes
no_barcode,Canjee,Home/Restaurant,B,0.44,0.0,0.24,0.0,IndianDishes
no_barcode,Cauliflower canjee (Phoolgobhi ki canjee),Home/Restaurant,B,0.35,0.0,0.39,0.0,IndianDishes
no_barcode,Potato canjee (Aloo canjee),Home/Restaurant,B,2.69,0.0,0.44,0.0,IndianDishes
no_barcode,Vermicelli porridge (Semiya/Seviyan porridge),Home/Restaurant,C,10.56,0.0,2.5,0.0,IndianDishes
no_barcode,Semolina upma (Suji/Rava upma),Home/Restaurant,C,16.31,0.0,3.3,0.0,IndianDishes
no_barcode,Vermicelli upma (Semiya/Seviyan upma),Home/Restaurant,C,16.88,0.0,3.11,0.0,IndianDishes
no_barcode,Rice upma,Home/Restaurant,C,17.96,0.0,2.63,0.0,IndianDishes
no_barcode,Bread upma,Home/Restaurant,C,12.6,0.0,2.8,0.0,IndianDishes
no_barcode,Vegetable upma,Home/Restaurant,C,16.46,0.0,4.73,0.0,IndianDishes
no_barcode,Poha,Home/Restaurant,D,35.05,0.0,6.09,0.0,IndianDishes
no_barcode,Vegetable poha,Home/Restaurant,C,21.52,0.0,4.89,0.0,IndianDishes
no_barcode,Moong dal stuffed cheela/chilla (Moong dal ka cheela/chilla),Home/Restaurant,C,19.42,0.0,6.97,0.0,IndianDishes
no_barcode,Paneer stuffed cheela/chilla,Home/Restaurant,C,19.16,0.0,11.44,0.0,IndianDishes
no_barcode,Indian style egg bhujia (Anda bhujia (Indian style)),Home/Restaurant,B,3.76,0.0,6.1,0.0,IndianDishes
no_barcode,French omelette/omlet,Home/Restaurant,A,0.41,0.0,10.03,0.0,IndianDishes
no_barcode,Puffy omelette/omlet,Home/Restaurant,A,0.08,0.0,8.82,0.0,IndianDishes
no_barcode,Orange omelette/omlet,Home/Restaurant,A,1.68,0.0,8.93,0.0,IndianDishes
no_barcode,Cheese and mushroom omelette/omlet,Home/Restaurant,A,1.68,0.0,9.69,0.0,IndianDishes
no_barcode,Spanish omelette/omlet,Home/Restaurant,B,5.1,0.0,8.25,0.0,IndianDishes
no_barcode,Mixed stock,Home/Restaurant,B,0.33,0.0,2.06,0.0,IndianDishes
no_barcode,Meat stock,Home/Restaurant,B,0.0,0.0,2.1,0.0,IndianDishes
no_barcode,White stock,Home/Restaurant,B,0.4,0.0,0.07,0.0,IndianDishes
no_barcode,Meat consomme (with mutton),Home/Restaurant,A,0.51,0.0,14.86,0.0,IndianDishes
no_barcode,Consomme au julienne,Home/Restaurant,A,1.49,0.0,12.49,0.0,IndianDishes
no_barcode,Consomme au vermicelli,Home/Restaurant,A,1.3,0.0,15.23,0.0,IndianDishes
no_barcode,Green pea soup (Matar ka soup),Home/Restaurant,A,3.63,0.0,11.06,0.0,IndianDishes
no_barcode,Spinach soup (Palak ka soup),Home/Restaurant,A,3.03,0.0,10.54,0.0,IndianDishes
no_barcode,Mixed vegetable soup,Home/Restaurant,A,2.95,0.0,8.22,0.0,IndianDishes
no_barcode,Cheese soup,Home/Restaurant,A,1.87,0.0,12.39,0.0,IndianDishes
no_barcode,Mulligatawny soup,Home/Restaurant,B,8.24,0.0,11.26,0.0,IndianDishes
no_barcode,Cream of carrot soup,Home/Restaurant,B,5.69,0.0,8.27,0.0,IndianDishes
no_barcode,Cream of broccoli soup,Home/Restaurant,A,3.72,0.0,8.97,0.0,IndianDishes
no_barcode,Cream of potato soup,Home/Restaurant,B,6.14,0.0,8.1,0.0,IndianDishes
no_barcode,Almond soup (Badam ka soup),Home/Restaurant,A,3.68,0.0,10.13,0.0,IndianDishes
no_barcode,Cold cucumber cream soup ,Home/Restaurant,B,1.76,0.0,0.34,0.0,IndianDishes
no_barcode,Cold tomato soup,Home/Restaurant,B,0.59,0.0,0.11,0.0,IndianDishes
no_barcode,Chicken stew,Home/Restaurant,B,4.44,0.0,7.19,0.0,IndianDishes
no_barcode,Veg paneer stew,Home/Restaurant,C,10.22,0.0,6.98,0.0,IndianDishes
no_barcode,Onion-green chilli parantha/paratha (Pyaaz aur hari mirch ka parantha/paratha),Home/Restaurant,D,26.37,0.0,4.37,0.0,IndianDishes
no_barcode,Methi parantha/paratha,Home/Restaurant,C,22.19,0.0,4.27,0.0,IndianDishes
no_barcode,Bathua poori,Home/Restaurant,C,13.85,0.0,2.35,0.0,IndianDishes
no_barcode,Gram flour poori (Besan poori),Home/Restaurant,C,10.93,0.0,2.59,0.0,IndianDishes
no_barcode,Beetroot poori (Chukandar ki poori),Home/Restaurant,C,12.29,0.0,1.91,0.0,IndianDishes
no_barcode,Peas poori (Matar ki poori),Home/Restaurant,C,14.92,0.0,3.04,0.0,IndianDishes
no_barcode,Peas kachori (Matar kachori),Home/Restaurant,C,13.25,0.0,3.21,0.0,IndianDishes
no_barcode,Pizza,Home/Restaurant,B,9.94,0.0,6.85,0.0,IndianDishes
no_barcode,Bacon and mushroom pancake,Home/Restaurant,B,8.47,0.0,6.82,0.0,IndianDishes
no_barcode,Cheese and tomato pancake,Home/Restaurant,C,10.66,0.0,5.15,0.0,IndianDishes
no_barcode,Minced meat pancake (with chicken),Home/Restaurant,B,8.18,0.0,12.01,0.0,IndianDishes
no_barcode,Eggplant/Brinjal rice (Vangi bhat),Home/Restaurant,D,31.74,0.0,5.28,0.0,IndianDishes
no_barcode,Kashmiri 'tahar',Home/Restaurant,C,19.11,0.0,1.95,0.0,IndianDishes
no_barcode,Cumin pulao (Jeera/Zeera pulao),Home/Restaurant,D,23.61,0.0,2.47,0.0,IndianDishes
no_barcode,Peas pulao (Matar pulao),Home/Restaurant,C,18.42,0.0,3.89,0.0,IndianDishes
no_barcode,Split bengal gram dal and vegetable pulao (Channa dal and vegetable pulao),Home/Restaurant,C,19.72,0.0,3.6,0.0,IndianDishes
no_barcode,Black channa pulao/ Bengal gram pulao (Kale chane ka pulao),Home/Restaurant,C,21.55,0.0,3.44,0.0,IndianDishes
no_barcode,Mutton pulao,Home/Restaurant,C,11.26,0.0,6.52,0.0,IndianDishes
no_barcode,Chicken pulao,Home/Restaurant,C,11.17,0.0,6.07,0.0,IndianDishes
no_barcode,Mexican rice,Home/Restaurant,C,14.21,0.0,4.62,0.0,IndianDishes
no_barcode,Plain khitchdi (Plain khichri/khichdi),Home/Restaurant,C,10.04,0.0,1.72,0.0,IndianDishes
no_barcode,Instant idli (with semolina),Home/Restaurant,C,43.4,0.0,9.16,0.0,IndianDishes
no_barcode,Plain dosa,Home/Restaurant,C,64.08,0.0,10.34,0.0,IndianDishes
no_barcode,Masala dosa mixed vegetable fillings,Home/Restaurant,D,23.02,0.0,4.84,0.0,IndianDishes
no_barcode,Masala dosa paneer fillings,Home/Restaurant,C,29.76,0.0,10.31,0.0,IndianDishes
no_barcode,Uttapam,Home/Restaurant,D,36.28,0.0,6.18,0.0,IndianDishes
no_barcode,Appam,Home/Restaurant,C,13.28,0.0,3.12,0.0,IndianDishes
no_barcode,Beans and macaroni,Home/Restaurant,C,14.24,0.0,4.58,0.0,IndianDishes
no_barcode,Spaghetti bolognese,Home/Restaurant,C,10.04,0.0,9.35,0.0,IndianDishes
no_barcode,Meat and macaroni casserole,Home/Restaurant,C,16.12,0.0,9.15,0.0,IndianDishes
no_barcode,Spaghetti with meat balls and tomato sauce,Home/Restaurant,C,10.46,0.0,5.61,0.0,IndianDishes
no_barcode,Spaghetti with paneer balls and tomato sauce,Home/Restaurant,C,12.72,0.0,3.95,0.0,IndianDishes
no_barcode,Lasagne with meat sauce,Home/Restaurant,B,5.38,0.0,2.9,0.0,IndianDishes
no_barcode,Lasagne with vegetables,Home/Restaurant,B,5.9,0.0,1.71,0.0,IndianDishes
no_barcode,Home made egg noodles,Home/Restaurant,D,42.92,0.0,6.55,0.0,IndianDishes
no_barcode,Sour lentils (Khatti dal),Home/Restaurant,B,6.04,0.0,2.22,0.0,IndianDishes
no_barcode,Urad special dehusked,Home/Restaurant,B,8.86,0.0,3.14,0.0,IndianDishes
no_barcode,Arhar with spinach (Arhar dal aur palak),Home/Restaurant,B,4.77,0.0,2.05,0.0,IndianDishes
no_barcode,Moong dal with vadi,Home/Restaurant,B,1.0,0.0,0.4,0.0,IndianDishes
no_barcode,Rasam with tamarind (Puli rasam/ Chintapandu rasam/ Charu/Saaru),Home/Restaurant,B,3.37,0.0,1.13,0.0,IndianDishes
no_barcode,Rasam with lemon (Nimmakaya rasam/Nimmakaya charu/Elumichai rasam/Nimbe hannina saaru),Home/Restaurant,B,2.85,0.0,1.11,0.0,IndianDishes
no_barcode,Green gram whole with baghar (Sabut moong dal with tadka),Home/Restaurant,B,6.8,0.0,3.23,0.0,IndianDishes
no_barcode,Urad sabut special,Home/Restaurant,B,5.03,0.0,2.33,0.0,IndianDishes
no_barcode,Kabuli channa curry,Home/Restaurant,B,7.63,0.0,2.92,0.0,IndianDishes
no_barcode,Besan gatte curry,Home/Restaurant,C,16.26,0.0,7.75,0.0,IndianDishes
no_barcode,Dry masala chops,Home/Restaurant,A,3.3,0.0,9.08,0.0,IndianDishes
no_barcode,Mutton korma,Home/Restaurant,B,2.53,0.0,7.09,0.0,IndianDishes
no_barcode,Shahi keema kofta curry,Home/Restaurant,B,1.73,0.0,4.14,0.0,IndianDishes
no_barcode,Minced meat ball curry,Home/Restaurant,B,2.86,0.0,6.82,0.0,IndianDishes
no_barcode,Boti kebab,Home/Restaurant,A,3.06,0.0,9.22,0.0,IndianDishes
no_barcode,Mutton seekh kebab,Home/Restaurant,A,3.11,0.0,11.25,0.0,IndianDishes
no_barcode,Indian lamb and egg curry (Nargisi kofta),Home/Restaurant,B,2.07,0.0,3.84,0.0,IndianDishes
no_barcode,Soya chunks sweet and sour (Nutrinugget sweet and sour),Home/Restaurant,B,3.27,0.0,2.85,0.0,IndianDishes
no_barcode,Soya chunks korma (Nutrinugget korma),Home/Restaurant,B,7.67,0.0,3.86,0.0,IndianDishes
no_barcode,Mushroom matar,Home/Restaurant,B,5.33,0.0,2.79,0.0,IndianDishes
no_barcode,Soya chunks and peas (Nutrinugget matar),Home/Restaurant,B,5.82,0.0,3.03,0.0,IndianDishes
no_barcode,Vegetable yakhni,Home/Restaurant,B,1.94,0.0,1.18,0.0,IndianDishes
no_barcode,Spinach mushroom (Palak mushroom),Home/Restaurant,B,2.95,0.0,1.94,0.0,IndianDishes
no_barcode,Vegetarian nargisi kofta curry,Home/Restaurant,B,6.58,0.0,2.29,0.0,IndianDishes
no_barcode,Roast chicken,Home/Restaurant,A,0.1,0.0,20.49,0.0,IndianDishes
no_barcode,Shahi chicken masala,Home/Restaurant,A,4.07,0.0,9.82,0.0,IndianDishes
no_barcode,Tomato chicken,Home/Restaurant,A,2.13,0.0,10.57,0.0,IndianDishes
no_barcode,Creamy chicken,Home/Restaurant,A,3.13,0.0,13.52,0.0,IndianDishes
no_barcode,Broccoli chicken ala king,Home/Restaurant,B,5.34,0.0,7.97,0.0,IndianDishes
no_barcode,Ginger chicken,Home/Restaurant,B,5.6,0.0,8.24,0.0,IndianDishes
no_barcode,Chicken sweet and sour,Home/Restaurant,B,2.67,0.0,6.92,0.0,IndianDishes
no_barcode,Chicken korma,Home/Restaurant,B,5.43,0.0,9.83,0.0,IndianDishes
no_barcode,Bengal fish curry (Bengali machli curry),Home/Restaurant,B,4.42,0.0,7.26,0.0,IndianDishes
no_barcode,Fish finger,Home/Restaurant,B,4.47,0.0,5.66,0.0,IndianDishes
no_barcode,Fish in coconut milk (Nariyal ke doodh ke saath machli),Home/Restaurant,A,2.73,0.0,8.66,0.0,IndianDishes
no_barcode,Prawn curry (with coconut) (Jhinga curry),Home/Restaurant,A,3.1,0.0,8.54,0.0,IndianDishes
no_barcode,Baked stuffed fish,Home/Restaurant,A,2.12,0.0,16.14,0.0,IndianDishes
no_barcode,Fish pie,Home/Restaurant,B,7.74,0.0,9.25,0.0,IndianDishes
no_barcode,Crispy baked fish,Home/Restaurant,B,9.59,0.0,10.95,0.0,IndianDishes
no_barcode,Fish souffle,Home/Restaurant,B,5.14,0.0,10.51,0.0,IndianDishes
no_barcode,Potato curry (Aloo ki sabzi),Home/Restaurant,C,10.42,0.0,1.52,0.0,IndianDishes
no_barcode,Egg curry (Anda curry),Home/Restaurant,B,4.03,0.0,5.38,0.0,IndianDishes
no_barcode,Vegetable curry with coconut ,Home/Restaurant,B,7.19,0.0,2.77,0.0,IndianDishes
no_barcode,Curd with potatoes (Dahi aloo),Home/Restaurant,B,7.15,0.0,1.56,0.0,IndianDishes
no_barcode,Potato kofta curry (Aloo kofta curry),Home/Restaurant,B,2.78,0.0,0.56,0.0,IndianDishes
no_barcode,Yam kofta curry (Zimikand/Suran kofta curry),Home/Restaurant,B,3.75,0.0,0.71,0.0,IndianDishes
no_barcode,Jackfruit kofta curry (Kathal ka kofta curry),Home/Restaurant,B,3.17,0.0,0.8,0.0,IndianDishes
no_barcode,Spinach and potato (Palak aloo),Home/Restaurant,B,5.91,0.0,1.63,0.0,IndianDishes
no_barcode,Mooli bhujia,Home/Restaurant,B,4.74,0.0,1.69,0.0,IndianDishes
no_barcode,Bathua bhujia,Home/Restaurant,B,3.63,0.0,2.26,0.0,IndianDishes
no_barcode,Cabbage rolls (dry) ((Pattagobhi rolls) (dry)),Home/Restaurant,B,6.09,0.0,8.21,0.0,IndianDishes
no_barcode,Cabbage rolls (curry) ((Pattagobhi rolls)(curry)),Home/Restaurant,B,7.03,0.0,5.76,0.0,IndianDishes
no_barcode,Dry arbi (Sookhi arbi),Home/Restaurant,C,11.11,0.0,2.12,0.0,IndianDishes
no_barcode,Masala arbi,Home/Restaurant,C,16.16,0.0,3.01,0.0,IndianDishes
no_barcode,Peas brinjal bhartha (Matar baingan bhartha),Home/Restaurant,B,5.02,0.0,2.05,0.0,IndianDishes
no_barcode,Okra/Lady's fingers fry (Bhindi sabzi/sabji/subji),Home/Restaurant,B,4.5,0.0,1.83,0.0,IndianDishes
no_barcode,Crispy okra/Crispy lady's fingers (Karare bhindi),Home/Restaurant,B,4.35,0.0,1.91,0.0,IndianDishes
no_barcode,Beans foogath,Home/Restaurant,B,3.26,0.0,2.03,0.0,IndianDishes
no_barcode,Stuffed bittergourd (wet) (Bharwa karele),Home/Restaurant,B,4.68,0.0,1.36,0.0,IndianDishes
no_barcode,Jackfruit/Kathal (dry),Home/Restaurant,B,4.56,0.0,0.93,0.0,IndianDishes
no_barcode,Yam fried (Zimikand/Suran fried),Home/Restaurant,B,5.47,0.0,0.79,0.0,IndianDishes
no_barcode,"Cauliflower, pea and potato bhujia (Phoolgobhi, matar aur aloo bhujia)",Home/Restaurant,B,8.23,0.0,2.75,0.0,IndianDishes
no_barcode,Vegetable jalfrezi,Home/Restaurant,B,5.43,0.0,1.4,0.0,IndianDishes
no_barcode,Vegetables stir fry ,Home/Restaurant,B,3.19,0.0,1.04,0.0,IndianDishes
no_barcode,Broccoli delight,Home/Restaurant,B,2.34,0.0,2.49,0.0,IndianDishes
no_barcode,Dhansak (vegetarian),Home/Restaurant,B,7.28,0.0,3.32,0.0,IndianDishes
no_barcode,Cauliflower basket,Home/Restaurant,B,3.97,0.0,5.21,0.0,IndianDishes
no_barcode,Stuffed bottle gourd (Stuffed ghiya/lauki),Home/Restaurant,B,4.36,0.0,5.84,0.0,IndianDishes
no_barcode,Ducheese potato,Home/Restaurant,C,10.94,0.0,3.6,0.0,IndianDishes
no_barcode,Roast potatoes ,Home/Restaurant,C,14.52,0.0,1.53,0.0,IndianDishes
no_barcode,Stuffed baked potatoes ,Home/Restaurant,C,11.03,0.0,3.82,0.0,IndianDishes
no_barcode,Potato nests,Home/Restaurant,C,11.05,0.0,5.71,0.0,IndianDishes
no_barcode,Parsley potato,Home/Restaurant,C,13.81,0.0,1.49,0.0,IndianDishes
no_barcode,Creamed spinach and mushroom,Home/Restaurant,B,3.17,0.0,2.28,0.0,IndianDishes
no_barcode,Fricassee of Mushroom,Home/Restaurant,B,8.13,0.0,3.65,0.0,IndianDishes
no_barcode,Cauliflower au gratin,Home/Restaurant,B,9.13,0.0,4.45,0.0,IndianDishes
no_barcode,Vegetable and cheese pie,Home/Restaurant,B,8.76,0.0,4.03,0.0,IndianDishes
no_barcode,Spinach souffle ,Home/Restaurant,B,6.27,0.0,7.36,0.0,IndianDishes
no_barcode,Beetroot and egg salad (Chukandar aur ande ka salad),Home/Restaurant,B,3.4,0.0,3.36,0.0,IndianDishes
no_barcode,Sour cream potato salad,Home/Restaurant,B,9.05,0.0,2.89,0.0,IndianDishes
no_barcode,Tossed green salad,Home/Restaurant,B,3.82,0.0,1.33,0.0,IndianDishes
no_barcode,Spring basket salad,Home/Restaurant,C,11.61,0.0,3.36,0.0,IndianDishes
no_barcode,Cucumber and yogurt salad (Kheere aur dahi ka salad),Home/Restaurant,B,4.72,0.0,2.09,0.0,IndianDishes
no_barcode,Chicken and tomato towers,Home/Restaurant,B,2.36,0.0,6.9,0.0,IndianDishes
no_barcode,Jellied sunshine fruit salad,Home/Restaurant,B,4.21,0.0,5.85,0.0,IndianDishes
no_barcode,Tomato aspic,Home/Restaurant,B,5.02,0.0,6.87,0.0,IndianDishes
no_barcode,Frozen frosty fruit salad (Phalon ka salaad),Home/Restaurant,C,15.61,0.0,1.68,0.0,IndianDishes
no_barcode,French dressing,Home/Restaurant,B,3.68,0.0,0.32,0.0,IndianDishes
no_barcode,Mayonnaise without eggs,Home/Restaurant,B,3.98,0.0,2.13,0.0,IndianDishes
no_barcode,Curd dressing ,Home/Restaurant,B,8.03,0.0,5.59,0.0,IndianDishes
no_barcode,Carrot raita (Gajar ka raita),Home/Restaurant,B,7.19,0.0,4.14,0.0,IndianDishes
no_barcode,Pumpkin raita (Kaddu ka raita),Home/Restaurant,B,6.02,0.0,3.74,0.0,IndianDishes
no_barcode,Mint and peanut raita (Pudinay aur moongfali ka raita),Home/Restaurant,B,7.31,0.0,7.05,0.0,IndianDishes
no_barcode,Spinach raita (Palak ka raita),Home/Restaurant,B,5.06,0.0,3.95,0.0,IndianDishes
no_barcode,Bathua raita,Home/Restaurant,B,5.31,0.0,4.13,0.0,IndianDishes
no_barcode,Pineapple raita (Ananas ka raita),Home/Restaurant,B,8.62,0.0,3.9,0.0,IndianDishes
no_barcode,Banana raita (Kele ka raita),Home/Restaurant,C,13.51,0.0,4.13,0.0,IndianDishes
no_barcode,Mango raita (Aam ka raita),Home/Restaurant,B,8.23,0.0,3.9,0.0,IndianDishes
no_barcode,Guava raita (Amarood ka raita),Home/Restaurant,B,7.27,0.0,4.19,0.0,IndianDishes
no_barcode,Grapes raita (Angoor ka raita),Home/Restaurant,B,9.66,0.0,3.98,0.0,IndianDishes
no_barcode,Bottle gourd kheer (Ghiya/Lauki kheer),Home/Restaurant,B,10.0,0.0,2.7,0.0,IndianDishes
no_barcode,Pumpkin kheer (Kaddu ki kheer),Home/Restaurant,C,10.44,0.0,2.76,0.0,IndianDishes
no_barcode,Apple kheer (Seb ki kheer),Home/Restaurant,C,11.34,0.0,2.14,0.0,IndianDishes
no_barcode,Caramel custard (baked),Home/Restaurant,C,14.95,0.0,5.11,0.0,IndianDishes
no_barcode,Vanilla ice cream without egg,Home/Restaurant,C,14.21,0.0,2.69,0.0,IndianDishes
no_barcode,Vanilla ice cream with egg,Home/Restaurant,C,11.71,0.0,4.16,0.0,IndianDishes
no_barcode,Strawberry ice cream,Home/Restaurant,C,12.26,0.0,4.15,0.0,IndianDishes
no_barcode,Chocochip ice cream,Home/Restaurant,C,16.75,0.0,4.23,0.0,IndianDishes
no_barcode,Choconut ice cream,Home/Restaurant,D,23.13,0.0,5.04,0.0,IndianDishes
no_barcode,Pear chocholate sunday,Home/Restaurant,C,15.02,0.0,2.08,0.0,IndianDishes
no_barcode,Chocolate sauce,Home/Restaurant,D,43.21,0.0,1.91,0.0,IndianDishes
no_barcode,Coffee ice cream,Home/Restaurant,C,14.09,0.0,3.15,0.0,IndianDishes
no_barcode,Coffee pear alaska,Home/Restaurant,C,19.36,0.0,2.88,0.0,IndianDishes
no_barcode,Crunchy butterscotch,Home/Restaurant,C,19.92,0.0,3.11,0.0,IndianDishes
no_barcode,Peach melba ice cream,Home/Restaurant,C,16.31,0.0,2.06,0.0,IndianDishes
no_barcode,Vanilla ice cream with apples in hot cherry sauce,Home/Restaurant,D,22.75,0.0,1.73,0.0,IndianDishes
no_barcode,Grape and orange whip,Home/Restaurant,B,6.72,0.0,1.41,0.0,IndianDishes
no_barcode,Honey banana cream,Home/Restaurant,C,13.64,0.0,2.78,0.0,IndianDishes
no_barcode,Raspberry bavarian cream,Home/Restaurant,C,17.82,0.0,3.34,0.0,IndianDishes
no_barcode,Fruit delight,Home/Restaurant,B,9.11,0.0,2.09,0.0,IndianDishes
no_barcode,Creamy chocolate mousse,Home/Restaurant,B,9.53,0.0,6.85,0.0,IndianDishes
no_barcode,Cold lemon souffle,Home/Restaurant,C,15.62,0.0,5.89,0.0,IndianDishes
no_barcode,Cold orange souffle,Home/Restaurant,C,16.27,0.0,5.94,0.0,IndianDishes
no_barcode,Cold pineapple souffle,Home/Restaurant,C,16.85,0.0,6.23,0.0,IndianDishes
no_barcode,Cold vanilla souffle,Home/Restaurant,C,16.29,0.0,6.22,0.0,IndianDishes
no_barcode,Cold chocolate souffle,Home/Restaurant,C,17.22,0.0,6.37,0.0,IndianDishes
no_barcode,Stewed fruit (with pear),Home/Restaurant,C,18.22,0.0,0.25,0.0,IndianDishes
no_barcode,Apricot fool,Home/Restaurant,D,33.64,0.0,1.54,0.0,IndianDishes
no_barcode,Pavlova,Home/Restaurant,C,21.84,0.0,1.84,0.0,IndianDishes
no_barcode,Apple crumb pudding,Home/Restaurant,D,35.17,0.0,1.54,0.0,IndianDishes
no_barcode,Steamed cake with chocolate sauce,Home/Restaurant,D,29.06,0.0,4.49,0.0,IndianDishes
no_barcode,Hot lemon souffle,Home/Restaurant,C,16.31,0.0,5.29,0.0,IndianDishes
no_barcode,Gulab jamun with milk powder,Home/Restaurant,D,28.24,0.0,0.85,0.0,IndianDishes
no_barcode,Chum chum,Home/Restaurant,D,28.27,0.0,1.52,0.0,IndianDishes
no_barcode,Dil bahar,Home/Restaurant,D,28.27,0.0,1.52,0.0,IndianDishes
no_barcode,Rasbhari,Home/Restaurant,D,28.27,0.0,1.52,0.0,IndianDishes
no_barcode,Rajbogh,Home/Restaurant,D,28.16,0.0,1.71,0.0,IndianDishes
no_barcode,Rasgulla,Home/Restaurant,D,25.79,0.0,1.38,0.0,IndianDishes
no_barcode,Rasmalai,Home/Restaurant,D,29.17,0.0,1.61,0.0,IndianDishes
no_barcode,Khoa coconut burfi,Home/Restaurant,C,36.55,0.0,9.98,0.0,IndianDishes
no_barcode,Danedar burfi,Home/Restaurant,C,12.33,0.0,3.24,0.0,IndianDishes
no_barcode,Semolina burfi (Suji/Rava burfi),Home/Restaurant,D,47.1,0.0,3.47,0.0,IndianDishes
no_barcode,Pumpkin coconut burfi (Kaddu aur nariyal ki burfi),Home/Restaurant,C,17.02,0.0,1.75,0.0,IndianDishes
no_barcode,Khoa ladoo,Home/Restaurant,C,34.43,0.0,12.21,0.0,IndianDishes
no_barcode,Wheat and gram flour ladoo (Atta besan ladoo),Home/Restaurant,C,50.5,0.0,9.38,0.0,IndianDishes
no_barcode,Semolina ladoo with nuts (Suji/Rava ladoo with nuts),Home/Restaurant,D,48.02,0.0,5.44,0.0,IndianDishes
no_barcode,Sesame chickpeas brittle (Til aur channe ki chikki),Home/Restaurant,C,50.49,0.0,8.5,0.0,IndianDishes
no_barcode,Murmura chikki,Home/Restaurant,D,59.59,0.0,2.12,0.0,IndianDishes
no_barcode,Masala onion pakora/pakoda (Pyaaz ke pakode),Home/Restaurant,B,6.48,0.0,2.05,0.0,IndianDishes
no_barcode,Masala green chilli pakora/pakoda (Hari mirch kay pakode),Home/Restaurant,B,5.55,0.0,2.22,0.0,IndianDishes
no_barcode,Chicken pakora/pakoda,Home/Restaurant,B,4.55,0.0,6.03,0.0,IndianDishes
no_barcode,Fish pakora/pakoda,Home/Restaurant,B,4.55,0.0,5.97,0.0,IndianDishes
no_barcode,Paneer cutlet,Home/Restaurant,B,7.62,0.0,4.59,0.0,IndianDishes
no_barcode,Sago cutlet/vadas (Sabudana cutlet/vadas),Home/Restaurant,C,11.23,0.0,0.56,0.0,IndianDishes
no_barcode,Poshtik cutlet,Home/Restaurant,B,7.39,0.0,2.0,0.0,IndianDishes
no_barcode,Egg cutlet (Anda cutlet),Home/Restaurant,B,5.77,0.0,2.45,0.0,IndianDishes
no_barcode,Minced meat cutlet,Home/Restaurant,B,5.61,0.0,5.1,0.0,IndianDishes
no_barcode,Vegetable samosa,Home/Restaurant,C,13.22,0.0,2.21,0.0,IndianDishes
no_barcode,Plain urad dal vada (Uzunne vada/Minapa garelu/Ulundu vadai/Medu vada),Home/Restaurant,B,9.7,0.0,4.39,0.0,IndianDishes
no_barcode,Masala urad dal vada,Home/Restaurant,B,9.93,0.0,4.32,0.0,IndianDishes
no_barcode,Khaman (dhokla),Home/Restaurant,B,5.36,0.0,1.92,0.0,IndianDishes
no_barcode,Instant dhokla,Home/Restaurant,D,24.11,0.0,7.66,0.0,IndianDishes
no_barcode,Tomato ginger chutney (Tamatar adarak ki chutney),Home/Restaurant,B,9.11,0.0,1.05,0.0,IndianDishes
no_barcode,Mint tomato chutney (Pudinay aur tamatar ki chutney),Home/Restaurant,B,8.22,0.0,1.53,0.0,IndianDishes
no_barcode,Coriander chutney (Hare dhaniye ki chutney),Home/Restaurant,B,8.16,0.0,1.38,0.0,IndianDishes
no_barcode,Gooseberry chutney (Amla chutney),Home/Restaurant,B,8.83,0.0,1.44,0.0,IndianDishes
no_barcode,Walnut chutney (Akhrot ki chutney),Home/Restaurant,B,8.91,0.0,9.44,0.0,IndianDishes
no_barcode,Saunth/Sonth chutney with ginger,Home/Restaurant,C,20.62,0.0,0.28,0.0,IndianDishes
no_barcode,Gun powder chutney,Home/Restaurant,C,47.65,0.0,21.55,0.0,IndianDishes
no_barcode,Dessicated coconut chutney (Sookhe kase nariyal ki chutney) ,Home/Restaurant,C,36.72,0.0,12.88,0.0,IndianDishes
no_barcode,Curd mint dip ,Home/Restaurant,B,9.11,0.0,4.82,0.0,IndianDishes
no_barcode,Curd vegetable dip,Home/Restaurant,B,6.04,0.0,3.88,0.0,IndianDishes
no_barcode,Mayonnaise vegetable dip,Home/Restaurant,B,4.8,0.0,3.01,0.0,IndianDishes
no_barcode,Tomato and cucumber sandwich (Tamatar aur kheere ka sandwich),Home/Restaurant,C,20.51,0.0,4.03,0.0,IndianDishes
no_barcode,Tomato sandwich (grilled),Home/Restaurant,C,21.29,0.0,6.26,0.0,IndianDishes
no_barcode,French sandwich (toasted),Home/Restaurant,C,14.82,0.0,6.82,0.0,IndianDishes
no_barcode,Peanut butter cucumber sandwich,Home/Restaurant,C,29.76,0.0,9.04,0.0,IndianDishes
no_barcode,Mint and peanut sandwich,Home/Restaurant,D,31.83,0.0,7.18,0.0,IndianDishes
no_barcode,Spicy chutney sandwich,Home/Restaurant,C,34.03,0.0,8.74,0.0,IndianDishes
no_barcode,Chicken walnut sandwich (Chicken aur akhrot ke sandwich),Home/Restaurant,C,22.62,0.0,12.58,0.0,IndianDishes
no_barcode,Rolled sandwich,Home/Restaurant,D,34.69,0.0,6.45,0.0,IndianDishes
no_barcode,Ribbon sandwich,Home/Restaurant,D,24.76,0.0,6.26,0.0,IndianDishes
no_barcode,Checker board sandwich,Home/Restaurant,D,25.94,0.0,7.37,0.0,IndianDishes
no_barcode,Submarine sandwich,Home/Restaurant,C,13.6,0.0,6.09,0.0,IndianDishes
no_barcode,Cheese open sandwich,Home/Restaurant,C,28.42,0.0,9.84,0.0,IndianDishes
no_barcode,Sunset and sunrise open sandwich,Home/Restaurant,C,18.89,0.0,8.58,0.0,IndianDishes
no_barcode,Danish luncheon sandwich,Home/Restaurant,C,17.77,0.0,9.03,0.0,IndianDishes
no_barcode,Chicken and corn open sandwich,Home/Restaurant,C,19.21,0.0,8.63,0.0,IndianDishes
no_barcode,Chocolate sponge cake,Home/Restaurant,C,39.54,0.0,9.13,0.0,IndianDishes
no_barcode,Chocolate swiss roll,Home/Restaurant,D,26.97,0.0,6.01,0.0,IndianDishes
no_barcode,Lemon curd filling,Home/Restaurant,D,26.41,0.0,3.43,0.0,IndianDishes
no_barcode,Jam filling,Home/Restaurant,D,46.15,0.0,0.0,0.0,IndianDishes
no_barcode,Chocolate pastry,Home/Restaurant,D,32.24,0.0,7.05,0.0,IndianDishes
no_barcode,Assorted pastry,Home/Restaurant,D,31.99,0.0,6.78,0.0,IndianDishes
no_barcode,Orange gateau,Home/Restaurant,D,27.01,0.0,4.78,0.0,IndianDishes
no_barcode,Black forest gateau,Home/Restaurant,D,30.57,0.0,5.94,0.0,IndianDishes
no_barcode,Lemon cake,Home/Restaurant,D,43.1,0.0,5.29,0.0,IndianDishes
no_barcode,Dundee cake,Home/Restaurant,D,41.4,0.0,7.78,0.0,IndianDishes
no_barcode,Victorian sandwich cake,Home/Restaurant,D,44.74,0.0,5.18,0.0,IndianDishes
no_barcode,Chocolate eggless cake,Home/Restaurant,D,43.45,0.0,6.66,0.0,IndianDishes
no_barcode,Orange eggless cake,Home/Restaurant,D,52.65,0.0,7.16,0.0,IndianDishes
no_barcode,Chocolate glace icing,Home/Restaurant,D,62.43,0.0,3.22,0.0,IndianDishes
no_barcode,Butter icing,Home/Restaurant,D,71.64,0.0,0.19,0.0,IndianDishes
no_barcode,Chocolate butter icing,Home/Restaurant,D,61.72,0.0,3.21,0.0,IndianDishes
no_barcode,Almond biscuit (Badam ke biscuit),Home/Restaurant,D,52.14,0.0,6.25,0.0,IndianDishes
no_barcode,Orange biscuit,Home/Restaurant,D,62.11,0.0,3.63,0.0,IndianDishes
no_barcode,Gingerman biscuit,Home/Restaurant,D,55.24,0.0,6.26,0.0,IndianDishes
no_barcode,Coffee drops,Home/Restaurant,D,43.06,0.0,7.57,0.0,IndianDishes
no_barcode,Christmas biscuit,Home/Restaurant,D,60.97,0.0,5.67,0.0,IndianDishes
no_barcode,Christmas wreath biscuit,Home/Restaurant,D,58.07,0.0,5.43,0.0,IndianDishes
no_barcode,Christmas bell biscuit,Home/Restaurant,D,60.79,0.0,5.66,0.0,IndianDishes
no_barcode,Christmas star biscuit,Home/Restaurant,D,74.54,0.0,3.54,0.0,IndianDishes
no_barcode,Christmas tree biscuit,Home/Restaurant,D,58.41,0.0,5.43,0.0,IndianDishes
no_barcode,Chocolate cream shells,Home/Restaurant,D,59.26,0.0,5.1,0.0,IndianDishes
no_barcode,Jelly biscuit,Home/Restaurant,D,55.24,0.0,4.23,0.0,IndianDishes
no_barcode,Cherry and walnut cookies,Home/Restaurant,D,59.35,0.0,5.63,0.0,IndianDishes
no_barcode,Cheese straws,Home/Restaurant,C,30.61,0.0,9.83,0.0,IndianDishes
no_barcode,Butterfly biscuit,Home/Restaurant,C,25.33,0.0,9.98,0.0,IndianDishes
no_barcode,Flan pastry,Home/Restaurant,D,47.84,0.0,6.72,0.0,IndianDishes
no_barcode,Fruit flan,Home/Restaurant,D,34.71,0.0,3.3,0.0,IndianDishes
no_barcode,Orange cream flan,Home/Restaurant,D,36.16,0.0,4.73,0.0,IndianDishes
no_barcode,Fruit puree tart,Home/Restaurant,D,30.42,0.0,3.35,0.0,IndianDishes
no_barcode,Apple banana pie,Home/Restaurant,D,32.12,0.0,3.13,0.0,IndianDishes
no_barcode,Lemon chiffon pie,Home/Restaurant,D,27.63,0.0,4.88,0.0,IndianDishes
no_barcode,Orange chiffon pie,Home/Restaurant,D,23.14,0.0,3.89,0.0,IndianDishes
no_barcode,Cream buns,Home/Restaurant,C,14.16,0.0,4.45,0.0,IndianDishes
no_barcode,Savoury puffs,Home/Restaurant,C,10.8,0.0,9.51,0.0,IndianDishes
no_barcode,Choux swans,Home/Restaurant,C,14.92,0.0,4.35,0.0,IndianDishes
no_barcode,Potato aigrettes,Home/Restaurant,B,8.01,0.0,2.35,0.0,IndianDishes
no_barcode,Cream horns,Home/Restaurant,D,23.12,0.0,3.42,0.0,IndianDishes
no_barcode,Savoury cheese horns,Home/Restaurant,C,21.38,0.0,5.66,0.0,IndianDishes
no_barcode,Paneer patties,Home/Restaurant,D,22.79,0.0,7.6,0.0,IndianDishes
no_barcode,Vegetable patties ,Home/Restaurant,C,20.98,0.0,4.01,0.0,IndianDishes
no_barcode,Pearl millet infant food (Bajra shishu aahaar),Home/Restaurant,C,62.1,0.0,11.98,0.0,IndianDishes
no_barcode,Sajina,Home/Restaurant,C,66.87,0.0,10.81,0.0,IndianDishes
no_barcode,Cereal mix ,Home/Restaurant,C,21.84,0.0,3.32,0.0,IndianDishes
no_barcode,Pulse mix,Home/Restaurant,C,16.0,0.0,3.16,0.0,IndianDishes
no_barcode,Shishu ahar,Home/Restaurant,C,17.42,0.0,2.61,0.0,IndianDishes
no_barcode,Cereal pulse mix with amylase rice flour,Home/Restaurant,D,27.8,0.0,4.27,0.0,IndianDishes
no_barcode,Banana groundnut paste/puree,Home/Restaurant,D,36.15,0.0,4.27,0.0,IndianDishes
no_barcode,Rice dal porridge (Chawal dal ki khichdi/khichri),Home/Restaurant,C,65.04,0.0,10.8,0.0,IndianDishes
no_barcode,Lentils and semolina porridge (Dal suji porridge/daliya),Home/Restaurant,D,23.19,0.0,3.26,0.0,IndianDishes
no_barcode,Spinach khichri (Palak khichri/khichdi),Home/Restaurant,C,17.35,0.0,3.43,0.0,IndianDishes
no_barcode,Vegetable mix,Home/Restaurant,D,36.02,0.0,4.7,0.0,IndianDishes
no_barcode,Lentils and wheat porridge (Dal wheat porridge/daliya ),Home/Restaurant,B,8.36,0.0,2.71,0.0,IndianDishes
no_barcode,Maize porridge,Home/Restaurant,C,15.64,0.0,2.14,0.0,IndianDishes
no_barcode,Spinach peanut burfi (Palak aur mungfali ki burfi),Home/Restaurant,C,13.59,0.0,3.36,0.0,IndianDishes
no_barcode,Split bengal gram burfi/fudge (Channa dal burfi),Home/Restaurant,D,54.63,0.0,4.65,0.0,IndianDishes
no_barcode,Chickpea flour cookies (Sweet besan rounds/cookies),Home/Restaurant,D,39.64,0.0,4.29,0.0,IndianDishes
no_barcode,Pearl millet mathri (Bajra mathri),Home/Restaurant,B,7.42,0.0,1.82,0.0,IndianDishes
no_barcode,Sesame biscuit (Til ke biscuit),Home/Restaurant,C,53.65,0.0,8.27,0.0,IndianDishes
no_barcode,Fermented bengal gram vada (Khameerikrit/Ufna hua channa dal ka vada),Home/Restaurant,B,8.68,0.0,4.05,0.0,IndianDishes
no_barcode,Poshtik namak paras,Home/Restaurant,C,19.52,0.0,6.49,0.0,IndianDishes
no_barcode,Soya chikki,Home/Restaurant,D,62.89,0.0,7.18,0.0,IndianDishes
no_barcode,Besan bathua chilla/cheela,Home/Restaurant,C,40.65,0.0,11.48,0.0,IndianDishes
no_barcode,Wheat flour and nuts ladoos (Atta nuts ladoos),Home/Restaurant,C,44.31,0.0,9.46,0.0,IndianDishes
no_barcode,Gram flour and semolina dhokla (Besan suji dhokla),Home/Restaurant,C,25.92,0.0,8.52,0.0,IndianDishes
no_barcode,Atta dal burfi ,Home/Restaurant,D,40.64,0.0,6.66,0.0,IndianDishes
no_barcode,Soya roti,Home/Restaurant,C,40.03,0.0,9.18,0.0,IndianDishes
no_barcode,Poshtik khichdi/khichri,Home/Restaurant,C,15.64,0.0,3.04,0.0,IndianDishes
no_barcode,Namkeen daliya,Home/Restaurant,C,49.32,0.0,8.29,0.0,IndianDishes
no_barcode,Sprouts upma ,Home/Restaurant,C,44.96,0.0,9.5,0.0,IndianDishes
no_barcode,Semolina idli (Suji/Rava idli),Home/Restaurant,C,33.67,0.0,9.34,0.0,IndianDishes
no_barcode,Poshtik chilla/cheela,Home/Restaurant,D,27.47,0.0,4.85,0.0,IndianDishes
no_barcode,Stuffed bittergourd (dry) (Bharwa karela),Home/Restaurant,B,2.49,0.0,1.29,0.0,IndianDishes
no_barcode,Cauliflower potato canjee,Home/Restaurant,B,2.63,0.0,0.57,0.0,IndianDishes
no_barcode,Creamed spinach,Home/Restaurant,B,4.44,0.0,5.18,0.0,IndianDishes
no_barcode,Mango milkshake with ice cream (Aam milkshake ice creamkesaath),Home/Restaurant,B,9.18,0.0,1.93,0.0,IndianDishes
no_barcode,Pineapple milkshake with ice cream (Ananas milkshake ice creamkesaath),Home/Restaurant,B,9.33,0.0,1.93,0.0,IndianDishes
no_barcode,Orange milkshake with ice cream (Narangi milkshake ice creamkesaath),Home/Restaurant,B,9.15,0.0,1.95,0.0,IndianDishes
no_barcode,Woodapple juice (Bel ka sharbat),Home/Restaurant,B,6.51,0.0,0.63,0.0,IndianDishes
no_barcode,Sattu drink,Home/Restaurant,B,5.16,0.0,0.56,0.0,IndianDishes
no_barcode,Apple and honey sorbet (Seb aur shehad ka sharbat),Home/Restaurant,D,30.74,0.0,0.15,0.0,IndianDishes
no_barcode,Thandai,Home/Restaurant,B,9.13,0.0,3.59,0.0,IndianDishes
no_barcode,Cucumber sharbat (Kheere ka sharbat),Home/Restaurant,B,6.64,0.0,0.26,0.0,IndianDishes
no_barcode,Apple oats chia seed smoothie,Home/Restaurant,C,13.07,0.0,3.49,0.0,IndianDishes
no_barcode,Nannari sharbat,Home/Restaurant,D,23.62,0.0,0.01,0.0,IndianDishes
no_barcode,Semolina milk drink (Thari kanji),Home/Restaurant,B,6.93,0.0,0.98,0.0,IndianDishes
no_barcode,Saffron milk (Kesariya doodh),Home/Restaurant,C,12.64,0.0,3.17,0.0,IndianDishes
no_barcode,Black rice kheer (Chak-hao kheer),Home/Restaurant,D,22.93,0.0,4.37,0.0,IndianDishes
no_barcode,Coconut kheer (Nariyal ki kheer),Home/Restaurant,C,14.42,0.0,3.4,0.0,IndianDishes
no_barcode,Apple sago payasam (Seb aur sabudana ki kheer),Home/Restaurant,C,14.4,0.0,3.13,0.0,IndianDishes
no_barcode,Kesari bath,Home/Restaurant,D,31.38,0.0,2.4,0.0,IndianDishes
no_barcode,Putharekulu,Home/Restaurant,D,59.61,0.0,3.66,0.0,IndianDishes
no_barcode,Mango malpua,Home/Restaurant,C,12.84,0.0,1.65,0.0,IndianDishes
no_barcode,Mango vanilla custard,Home/Restaurant,C,18.41,0.0,3.43,0.0,IndianDishes
no_barcode,Kiwi granola pudding,Home/Restaurant,D,32.33,0.0,5.6,0.0,IndianDishes
no_barcode,Oats burfi,Home/Restaurant,C,62.47,0.0,8.89,0.0,IndianDishes
no_barcode,Lotus seed halwa (Kamal gattay ka halwa),Home/Restaurant,D,39.56,0.0,7.79,0.0,IndianDishes
no_barcode,Amaranth ladoo (Rajgira ladoo),Home/Restaurant,C,51.33,0.0,10.12,0.0,IndianDishes
no_barcode,Chhena poda,Home/Restaurant,C,33.64,0.0,13.68,0.0,IndianDishes
no_barcode,Sweet couscous dessert,Home/Restaurant,D,29.69,0.0,3.81,0.0,IndianDishes
no_barcode,Sweetened yogurt (Shrikhand),Home/Restaurant,C,16.02,0.0,5.27,0.0,IndianDishes
no_barcode,Thickened sweetened milk (Rabri),Home/Restaurant,C,10.55,0.0,3.52,0.0,IndianDishes
no_barcode,Gram flour halwa (Besan halwa),Home/Restaurant,D,25.78,0.0,5.88,0.0,IndianDishes
no_barcode,Prawn sandwich,Home/Restaurant,C,11.89,0.0,10.36,0.0,IndianDishes
no_barcode,Watercress sandwich,Home/Restaurant,D,28.03,0.0,5.17,0.0,IndianDishes
no_barcode,Fish sandwich ,Home/Restaurant,C,10.09,0.0,4.72,0.0,IndianDishes
no_barcode,Kidney bean sandwich with cottage cheese,Home/Restaurant,C,18.86,0.0,9.85,0.0,IndianDishes
no_barcode,Finger millet biscuit (Ragi biscuit),Home/Restaurant,D,52.69,0.0,4.03,0.0,IndianDishes
no_barcode,Buttermilk biscuit,Home/Restaurant,D,34.93,0.0,5.76,0.0,IndianDishes
no_barcode,Lemon cookies,Home/Restaurant,D,42.19,0.0,5.63,0.0,IndianDishes
no_barcode,Sweet potato biscuit (Shakarkand ke biscuit),Home/Restaurant,D,38.13,0.0,5.14,0.0,IndianDishes
no_barcode,Raspberry shortbread cookies,Home/Restaurant,D,61.25,0.0,3.0,0.0,IndianDishes
no_barcode,Pumpkin cookies ,Home/Restaurant,D,44.69,0.0,2.51,0.0,IndianDishes
no_barcode,Greenpea cookies,Home/Restaurant,D,23.07,0.0,6.53,0.0,IndianDishes
no_barcode,Sunflower cookies,Home/Restaurant,C,40.06,0.0,9.49,0.0,IndianDishes
no_barcode,Cardamom cookies (Elaichi cookies),Home/Restaurant,D,53.99,0.0,5.1,0.0,IndianDishes
no_barcode,Hazelnut cookies,Home/Restaurant,D,39.44,0.0,6.25,0.0,IndianDishes
no_barcode,Milk cookies,Home/Restaurant,C,48.43,0.0,10.49,0.0,IndianDishes
no_barcode,Cranberry cookies,Home/Restaurant,D,36.39,0.0,3.92,0.0,IndianDishes
no_barcode,Olive biscuit,Home/Restaurant,D,55.01,0.0,3.2,0.0,IndianDishes
no_barcode,Tutti fruitti biscuit,Home/Restaurant,D,53.12,0.0,5.21,0.0,IndianDishes
no_barcode,Peach blueberry preserves,Home/Restaurant,D,45.76,0.0,0.53,0.0,IndianDishes
no_barcode,Pear preserves (Naashpati ka murabba),Home/Restaurant,D,25.67,0.0,0.25,0.0,IndianDishes
no_barcode,Starfruit preserves ,Home/Restaurant,D,33.62,0.0,0.24,0.0,IndianDishes
no_barcode,Gooseberry pickle (Amla ka achaar),Home/Restaurant,B,7.61,0.0,1.55,0.0,IndianDishes
no_barcode,Lotus stem pickle (Kamal kakdi ka achar),Home/Restaurant,C,20.07,0.0,1.44,0.0,IndianDishes
no_barcode,Date pickle (Khajoor ka achaar),Home/Restaurant,D,34.66,0.0,1.68,0.0,IndianDishes
no_barcode,Garlic pickle (Lahasun ka achar),Home/Restaurant,B,9.75,0.0,3.72,0.0,IndianDishes
no_barcode,Fermented bamboo shoot pickle (Mesu pickle),Home/Restaurant,B,1.73,0.0,1.58,0.0,IndianDishes
no_barcode,Sweet peach pickle (Aadoo ka achaar),Home/Restaurant,D,37.01,0.0,0.46,0.0,IndianDishes
no_barcode,Pickled mustard greens ,Home/Restaurant,B,1.05,0.0,1.51,0.0,IndianDishes
no_barcode,Small onion pickle ,Home/Restaurant,B,2.76,0.0,1.65,0.0,IndianDishes
no_barcode,Green tomato pickle (Haray tamatar ka achaar),Home/Restaurant,B,2.87,0.0,1.23,0.0,IndianDishes
no_barcode,Pickled cabbage ,Home/Restaurant,B,2.56,0.0,0.39,0.0,IndianDishes
no_barcode,Coconut pickle (Nariyal ka aachar),Home/Restaurant,C,11.53,0.0,3.02,0.0,IndianDishes
no_barcode,Potato pickle (Aloo ka achaar),Home/Restaurant,B,7.87,0.0,2.07,0.0,IndianDishes
no_barcode,Mango murabba candy,Home/Restaurant,D,77.32,0.0,0.27,0.0,IndianDishes
no_barcode,Afghani chicken,Home/Restaurant,A,1.95,0.0,15.66,0.0,IndianDishes
no_barcode,Fish orly,Home/Restaurant,B,4.27,0.0,5.87,0.0,IndianDishes
no_barcode,Hariyali Fish Tikka,Home/Restaurant,A,2.21,0.0,14.01,0.0,IndianDishes
no_barcode,Chicken manchurian,Home/Restaurant,B,6.06,0.0,9.53,0.0,IndianDishes
no_barcode,Handi chicken,Home/Restaurant,A,1.49,0.0,12.32,0.0,IndianDishes
no_barcode,Lemon chicken,Home/Restaurant,A,0.55,0.0,20.2,0.0,IndianDishes
no_barcode,Lemon butter fish,Home/Restaurant,A,0.75,0.0,16.38,0.0,IndianDishes
no_barcode,Baked eggs in tomato sauce,Home/Restaurant,B,3.78,0.0,4.92,0.0,IndianDishes
no_barcode,Egg in a pepper,Home/Restaurant,A,0.17,0.0,12.64,0.0,IndianDishes
no_barcode,Spinach mushroom scrambled egg (Palak mushroom bhurji),Home/Restaurant,A,0.59,0.0,13.28,0.0,IndianDishes
no_barcode,Corn omelette/omlet,Home/Restaurant,A,1.57,0.0,11.37,0.0,IndianDishes
no_barcode,Cajun chicken,Home/Restaurant,A,1.94,0.0,12.69,0.0,IndianDishes
no_barcode,Paaner do pyaza,Home/Restaurant,B,3.41,0.0,4.22,0.0,IndianDishes
no_barcode,Cabbage manchurian (Pattagobhi manchurian),Home/Restaurant,B,4.85,0.0,0.64,0.0,IndianDishes
no_barcode,Gobi 65,Home/Restaurant,B,3.59,0.0,0.56,0.0,IndianDishes
no_barcode,Paneer lababdar,Home/Restaurant,B,3.37,0.0,3.98,0.0,IndianDishes
no_barcode,Roasted cauliflower steak,Home/Restaurant,B,2.02,0.0,2.05,0.0,IndianDishes
no_barcode,Sauteed radishes with green beans,Home/Restaurant,B,6.04,0.0,2.41,0.0,IndianDishes
no_barcode,Garlic chutney/Poondu chutney (Lahasun ki chutney),Home/Restaurant,C,20.44,0.0,3.34,0.0,IndianDishes
no_barcode,Schezwan chutney,Home/Restaurant,C,10.79,0.0,3.33,0.0,IndianDishes
no_barcode,Onion chutney (Pyaaz ki chutney/Vengaya chutney),Home/Restaurant,C,13.52,0.0,2.97,0.0,IndianDishes
no_barcode,Dates chutney (Khajoor ki chutney),Home/Restaurant,C,21.69,0.0,1.07,0.0,IndianDishes
no_barcode,Chicken salad,Home/Restaurant,A,1.3,0.0,15.33,0.0,IndianDishes
no_barcode,Macaroni salad,Home/Restaurant,C,21.63,0.0,5.02,0.0,IndianDishes
no_barcode,Cabbage raita (Pattagobhi raita),Home/Restaurant,B,5.25,0.0,3.24,0.0,IndianDishes
no_barcode,Pomegranate raita (Anaar ka raita),Home/Restaurant,B,7.15,0.0,4.05,0.0,IndianDishes
no_barcode,Onion raita (Pyaaz ka raita),Home/Restaurant,B,7.86,0.0,4.86,0.0,IndianDishes
no_barcode,Green chilli raita (Hari mirch ka raita),Home/Restaurant,B,7.66,0.0,5.58,0.0,IndianDishes
no_barcode,Kale salad,Home/Restaurant,B,5.01,0.0,4.86,0.0,IndianDishes
no_barcode,Spinach and paneer souffle ,Home/Restaurant,B,9.64,0.0,7.56,0.0,IndianDishes
no_barcode,Masala souffle ,Home/Restaurant,B,8.02,0.0,6.38,0.0,IndianDishes
no_barcode,Chicken and cheese souffle,Home/Restaurant,A,3.47,0.0,9.07,0.0,IndianDishes
no_barcode,Tamarind chutney (Chintapandu pachadi/Puli chutney),Home/Restaurant,D,25.07,0.0,0.88,0.0,IndianDishes
no_barcode,Pav bhaji masala,Home/Restaurant,C,29.15,0.0,9.13,0.0,IndianDishes
no_barcode,Green chutney,Home/Restaurant,C,10.01,0.0,5.42,0.0,IndianDishes
no_barcode,Sago khitchdi/khichri (Sabudana khitchdi/khichri),Home/Restaurant,C,22.41,0.0,2.72,0.0,IndianDishes
no_barcode,Gram flour chilla/cheela (Besan chilla/cheela),Home/Restaurant,C,21.03,0.0,7.8,0.0,IndianDishes
no_barcode,Vegetable namkeen jave,Home/Restaurant,C,18.98,0.0,2.93,0.0,IndianDishes
no_barcode,Khakhra,Home/Restaurant,D,27.66,0.0,4.78,0.0,IndianDishes
no_barcode,Moong bean dosa (Pesarattu),Home/Restaurant,C,31.91,0.0,12.32,0.0,IndianDishes
no_barcode,Methi thepla,Home/Restaurant,C,41.34,0.0,8.98,0.0,IndianDishes
no_barcode,Rice puttu (Ari puttu),Home/Restaurant,C,11.82,0.0,1.26,0.0,IndianDishes
no_barcode,Buckwheat pancake (Khura),Home/Restaurant,D,27.28,0.0,2.91,0.0,IndianDishes
no_barcode,Quinoa khichdi/khichri,Home/Restaurant,B,8.83,0.0,3.18,0.0,IndianDishes
no_barcode,Khakhra chaat,Home/Restaurant,C,16.64,0.0,4.52,0.0,IndianDishes
no_barcode,Banana appam,Home/Restaurant,C,20.06,0.0,1.17,0.0,IndianDishes
no_barcode,Veg manchurian,Home/Restaurant,B,6.82,0.0,0.89,0.0,IndianDishes
no_barcode,Pav bhaji,Home/Restaurant,C,11.99,0.0,2.66,0.0,IndianDishes
no_barcode,Rice murukku,Home/Restaurant,D,33.29,0.0,5.41,0.0,IndianDishes
no_barcode,Bhel puri ,Home/Restaurant,C,16.47,0.0,3.52,0.0,IndianDishes
no_barcode,Semolina dhokla (Suji/Rava dhokla),Home/Restaurant,D,30.86,0.0,5.44,0.0,IndianDishes
no_barcode,Spicy corn chaat ,Home/Restaurant,C,11.45,0.0,4.61,0.0,IndianDishes
no_barcode,Jackfruit fritters (Ponsa mulik/Kathal ka pakora),Home/Restaurant,D,24.0,0.0,2.34,0.0,IndianDishes
no_barcode,Banana chips (Kele ke chips),Home/Restaurant,B,7.32,0.0,0.37,0.0,IndianDishes
no_barcode,Wheat cake,Home/Restaurant,D,41.13,0.0,4.79,0.0,IndianDishes
no_barcode,Mango cheesecake,Home/Restaurant,C,20.06,0.0,2.39,0.0,IndianDishes
no_barcode,Carrot cake (Gajar ka cake),Home/Restaurant,D,35.98,0.0,5.6,0.0,IndianDishes
no_barcode,Semolina cake (Suji/Rava cake),Home/Restaurant,D,31.32,0.0,6.58,0.0,IndianDishes
no_barcode,Finger millet cake (Ragi cake),Home/Restaurant,D,38.93,0.0,3.96,0.0,IndianDishes
no_barcode,Honey cake,Home/Restaurant,D,49.04,0.0,3.08,0.0,IndianDishes
no_barcode,Almond cardamom cake (Badam elaichi cake),Home/Restaurant,D,34.53,0.0,7.18,0.0,IndianDishes
no_barcode,Tutti frutti cake,Home/Restaurant,D,52.94,0.0,4.49,0.0,IndianDishes
no_barcode,Ham and Bean soup,Home/Restaurant,A,4.18,0.0,10.61,0.0,IndianDishes
no_barcode,Whey soup,Home/Restaurant,B,6.26,0.0,3.45,0.0,IndianDishes
no_barcode,Bottle gourd soup (Ghiya/Lauki soup),Home/Restaurant,B,1.16,0.0,0.45,0.0,IndianDishes
no_barcode,Baked potato soup,Home/Restaurant,B,5.85,0.0,5.73,0.0,IndianDishes
no_barcode,Pumpkin soup,Home/Restaurant,B,2.08,0.0,0.47,0.0,IndianDishes
no_barcode,Sweet corn soup,Home/Restaurant,B,3.56,0.0,0.99,0.0,IndianDishes
no_barcode,Paneer soup,Home/Restaurant,B,2.42,0.0,3.22,0.0,IndianDishes
no_barcode,Curried Cauliflower soup,Home/Restaurant,B,3.12,0.0,6.72,0.0,IndianDishes
no_barcode,Millet soup,Home/Restaurant,B,8.22,0.0,11.26,0.0,IndianDishes
no_barcode,Lemon coriander soup,Home/Restaurant,C,10.32,0.0,2.27,0.0,IndianDishes
no_barcode,Garlic soup,Home/Restaurant,B,6.99,0.0,2.38,0.0,IndianDishes
no_barcode,Dal makhani,Home/Restaurant,B,7.96,0.0,3.32,0.0,IndianDishes
no_barcode,Dalma,Home/Restaurant,C,15.04,0.0,4.91,0.0,IndianDishes
no_barcode,Split bengal gram dal (Channa dal),Home/Restaurant,B,9.99,0.0,4.15,0.0,IndianDishes
no_barcode,Horsegram dal (Kulthi dal) ,Home/Restaurant,B,8.21,0.0,2.91,0.0,IndianDishes
no_barcode,Panchmel dal,Home/Restaurant,C,10.71,0.0,4.63,0.0,IndianDishes
no_barcode,Dal dhokli,Home/Restaurant,B,8.55,0.0,2.96,0.0,IndianDishes
no_barcode,Gujarati handvo ,Home/Restaurant,C,31.86,0.0,8.24,0.0,IndianDishes
no_barcode,Sev (Omapodi/Karapusa),Home/Restaurant,C,12.87,0.0,5.12,0.0,IndianDishes
no_barcode,Papdi,Home/Restaurant,C,12.89,0.0,1.83,0.0,IndianDishes
no_barcode,Jowar dosa,Home/Restaurant,C,40.53,0.0,8.5,0.0,IndianDishes
no_barcode,Bread roll,Home/Restaurant,C,16.12,0.0,2.85,0.0,IndianDishes
no_barcode,Soya seekh kebab,Home/Restaurant,B,10.0,0.0,5.4,0.0,IndianDishes
no_barcode,Classic seasoned black beans,Home/Restaurant,B,7.66,0.0,8.01,0.0,IndianDishes
no_barcode,Maa chaane ki dal,Home/Restaurant,C,43.11,0.0,19.8,0.0,IndianDishes
no_barcode,Garlic chickpea soup (Lahasun aur chane ka shoraba),Home/Restaurant,C,13.92,0.0,4.45,0.0,IndianDishes
no_barcode,White sauce (thin),Home/Restaurant,B,6.58,0.0,3.31,0.0,IndianDishes
no_barcode,White sauce (medium),Home/Restaurant,B,7.98,0.0,3.36,0.0,IndianDishes
no_barcode,White sauce (thick),Home/Restaurant,C,10.24,0.0,3.43,0.0,IndianDishes
no_barcode,Cheese sauce,Home/Restaurant,B,7.08,0.0,7.68,0.0,IndianDishes
no_barcode,Egg sauce,Home/Restaurant,B,5.88,0.0,5.97,0.0,IndianDishes
no_barcode,Mushroom sauce,Home/Restaurant,B,7.31,0.0,3.39,0.0,IndianDishes
no_barcode,Mustard sauce,Home/Restaurant,B,8.29,0.0,3.98,0.0,IndianDishes
no_barcode,Brown sauce,Home/Restaurant,B,5.38,0.0,11.92,0.0,IndianDishes
no_barcode,Classic italian pasta,Home/Restaurant,B,4.4,0.0,0.57,0.0,IndianDishes
no_barcode,Pasta spinach sauce,Home/Restaurant,B,1.76,0.0,1.76,0.0,IndianDishes
no_barcode,Pasta cheese sauce,Home/Restaurant,B,9.0,0.0,4.33,0.0,IndianDishes
no_barcode,Mayonnaise,Home/Restaurant,B,1.65,0.0,1.86,0.0,IndianDishes
no_barcode,Low calorie quick mayonnaise,Home/Restaurant,B,4.71,0.0,1.41,0.0,IndianDishes
no_barcode,Thousand island dressing,Home/Restaurant,B,4.49,0.0,1.37,0.0,IndianDishes
no_barcode,Curd dip,Home/Restaurant,B,7.95,0.0,5.04,0.0,IndianDishes
no_barcode,Short crust pastry,Home/Restaurant,D,44.72,0.0,6.11,0.0,IndianDishes
no_barcode,Choux pastry,Home/Restaurant,C,16.2,0.0,5.55,0.0,IndianDishes
no_barcode,Flaky pastry,Home/Restaurant,D,33.61,0.0,4.69,0.0,IndianDishes
no_barcode,Sponge cake ,Home/Restaurant,C,44.63,0.0,9.18,0.0,IndianDishes
no_barcode,Glace icing,Home/Restaurant,D,86.31,0.0,0.01,0.0,IndianDishes
no_barcode,Royal icing,Home/Restaurant,D,86.53,0.0,1.74,0.0,IndianDishes
no_barcode,American frosting,Home/Restaurant,D,67.48,0.0,1.05,0.0,IndianDishes
no_barcode,Gum icing,Home/Restaurant,D,53.19,0.0,5.94,0.0,IndianDishes
no_barcode,Channa murmura premix,Home/Restaurant,C,72.59,0.0,10.59,0.0,IndianDishes
no_barcode,Cracked wheat and green gram dal premix (Dalia moong dal premix),Home/Restaurant,C,64.75,0.0,15.89,0.0,IndianDishes
no_barcode,Rice flakes and roasted channa ,Home/Restaurant,C,71.94,0.0,10.57,0.0,IndianDishes
no_barcode,Spinach soup in milk ,Home/Restaurant,B,3.98,0.0,2.89,0.0,IndianDishes
no_barcode,Vegetable soup,Home/Restaurant,B,7.6,0.0,2.22,0.0,IndianDishes
no_barcode,Mashed banana with milk,Home/Restaurant,C,14.62,0.0,2.51,0.0,IndianDishes
no_barcode,Poha with curd (Poha aur dahi),Home/Restaurant,D,26.72,0.0,6.01,0.0,IndianDishes
no_barcode,Potato with curd,Home/Restaurant,C,12.01,0.0,3.19,0.0,IndianDishes
no_barcode,Sweet wheat porridge (Sweet dalia),Home/Restaurant,D,23.77,0.0,5.11,0.0,IndianDishes
no_barcode,Vegetable khichdi/khichri,Home/Restaurant,C,19.57,0.0,5.61,0.0,IndianDishes
no_barcode,Moong dal mixture,Home/Restaurant,D,33.93,0.0,4.62,0.0,IndianDishes
no_barcode,Cracked wheat khichri/khichdi (Dalia khichri/khichdi),Home/Restaurant,C,22.35,0.0,7.56,0.0,IndianDishes
no_barcode,Stewed apple,Home/Restaurant,C,22.49,0.0,0.17,0.0,IndianDishes
no_barcode,Lemon squash (Nimbu ka squash),Home/Restaurant,D,48.88,0.0,0.15,0.0,IndianDishes
no_barcode,Orange squash (Santre ka squash),Home/Restaurant,D,50.88,0.0,0.22,0.0,IndianDishes
no_barcode,Lichi squash,Home/Restaurant,D,51.96,0.0,0.3,0.0,IndianDishes
no_barcode,Mango squash (Aam ka squash),Home/Restaurant,D,50.96,0.0,0.17,0.0,IndianDishes
no_barcode,Pineapple squash (Ananas ka squash),Home/Restaurant,D,51.34,0.0,0.16,0.0,IndianDishes
no_barcode,Lemon and ginger squash (Nimbu aur adrak ka squash),Home/Restaurant,D,44.06,0.0,0.54,0.0,IndianDishes
no_barcode,Apple jam (Seb ka murabba),Home/Restaurant,D,48.56,0.0,0.14,0.0,IndianDishes
no_barcode,Plum jam (Aloo bukhara jam),Home/Restaurant,D,46.2,0.0,0.31,0.0,IndianDishes
no_barcode,Pineapple jam ,Home/Restaurant,D,38.27,0.0,0.32,0.0,IndianDishes
no_barcode,Guava jelly (Amrood ki jelly),Home/Restaurant,D,28.18,0.0,1.11,0.0,IndianDishes
no_barcode,Orange marmalade (Santray ka murabba),Home/Restaurant,D,25.94,0.0,0.66,0.0,IndianDishes
no_barcode,Carrot murabba (Gajar ka murabba),Home/Restaurant,D,45.6,0.0,0.32,0.0,IndianDishes
no_barcode,Gooseberry marmalade (Amla murabba),Home/Restaurant,D,32.34,0.0,0.14,0.0,IndianDishes
no_barcode,Ginger candy (Adrak ki candy),Home/Restaurant,D,50.38,0.0,0.69,0.0,IndianDishes
no_barcode,Mango pickle (Aam ka achaar),Home/Restaurant,B,8.11,0.0,1.6,0.0,IndianDishes
no_barcode,Mixed vegetable pickle (Sabziyoon ka achaar),Home/Restaurant,B,7.48,0.0,1.9,0.0,IndianDishes
no_barcode,Sweet lemon pickle (Neembu ka meetha achaar),Home/Restaurant,C,16.87,0.0,1.22,0.0,IndianDishes
no_barcode,Plum chutney (Aloo bukhara ki chutney),Home/Restaurant,D,44.95,0.0,0.47,0.0,IndianDishes
no_barcode,Raw mango chutney (Kachhe aam/Kairi ki chutney),Home/Restaurant,D,49.94,0.0,0.51,0.0,IndianDishes
no_barcode,Tomato sauce,Home/Restaurant,B,7.23,0.0,0.81,0.0,IndianDishes
no_barcode,Tomato puree,Home/Restaurant,B,3.68,0.0,0.75,0.0,IndianDishes
no_barcode,Garam masala,Home/Restaurant,C,26.2,0.0,9.89,0.0,IndianDishes
no_barcode,Chat masala,Home/Restaurant,C,23.87,0.0,8.19,0.0,IndianDishes
no_barcode,Kashmiri masala,Home/Restaurant,C,23.16,0.0,8.26,0.0,IndianDishes
no_barcode,Rasam powder (Rasam masala),Home/Restaurant,C,25.19,0.0,12.04,0.0,IndianDishes
no_barcode,Sambar powder (Sambar masala),Home/Restaurant,C,23.38,0.0,12.5,0.0,IndianDishes
no_barcode,Tartare sauce,Home/Restaurant,B,2.96,0.0,1.44,0.0,IndianDishes
no_barcode,Barbeque sauce,Home/Restaurant,C,20.46,0.0,0.96,0.0,IndianDishes
no_barcode,Bread sauce,Home/Restaurant,B,8.69,0.0,3.46,0.0,IndianDishes
no_barcode,Green chilli sauce,Home/Restaurant,B,7.36,0.0,1.25,0.0,IndianDishes
no_barcode,Home made plain noodles,Home/Restaurant,D,44.5,0.0,6.21,0.0,IndianDishes
no_barcode,Dal moong,Home/Restaurant,B,4.92,0.0,2.2,0.0,IndianDishes
no_barcode,Cumin seeds baghar (Jeera baghar/tadka),Home/Restaurant,B,5.22,0.0,3.34,0.0,IndianDishes
no_barcode,Onion tomato baghar (Pyaaz tamatar ka tadka),Home/Restaurant,B,6.17,0.0,1.26,0.0,IndianDishes
no_barcode,Mustard seeds baghar (Mustard seed tadka),Home/Restaurant,C,10.45,0.0,4.73,0.0,IndianDishes
no_barcode,Hot cherry sauce,Home/Restaurant,D,67.95,0.0,0.13,0.0,IndianDishes
no_barcode,Apple jelly (Seb ki jelly),Home/Restaurant,D,39.37,0.0,0.1,0.0,IndianDishes
no_barcode,Marmalade (Murabba),Home/Restaurant,D,37.64,0.0,0.23,0.0,IndianDishes
no_barcode,Plum squash (Aloo bukhara squash),Home/Restaurant,D,55.51,0.0,0.16,0.0,IndianDishes
no_barcode,Lemon green chilli pickle (Nimboo aur hari mirch ka achaar),Home/Restaurant,B,2.14,0.0,0.85,0.0,IndianDishes
no_barcode,Brinjal pickle (Baingan ka achaar),Home/Restaurant,B,4.23,0.0,2.24,0.0,IndianDishes
no_barcode,Sweet and sour tomato pickle (Khatta meetha tamatar ka achaar),Home/Restaurant,B,6.55,0.0,1.26,0.0,IndianDishes
no_barcode,Jhatpat achar with carrot (Jhatpat achaar gajar ke saath),Home/Restaurant,B,6.32,0.0,1.98,0.0,IndianDishes
no_barcode,Tomato chutney (Tamatar ki chutney),Home/Restaurant,D,31.85,0.0,0.97,0.0,IndianDishes
no_barcode,Tomato ketchup,Home/Restaurant,B,6.48,0.0,0.91,0.0,IndianDishes
no_barcode,Bengal 5 Spice Blend (Panch Phoran),Home/Restaurant,B,20.0,0.0,18.26,0.0,IndianDishes
